variant,strategy,symbol,side,entry_time,exit_time,entry,exit,net_r,gross_r,exit_reason,regime,chase_atr,entry_delay_min,entry_lane
A,rocket,ETH,BUY,2026-05-21T17:20:00+00:00,2026-05-21T18:16:00+00:00,2138.99,2139.17,-0.12495048878664318,0.01035077630823993,sl_gap,TREND_BULL_STRONG,0.4562195267001219,5.0,cascade
A,rocket,ETH,BUY,2026-06-08T11:20:00+00:00,2026-06-08T12:15:00+00:00,1688.01,1667.57,-0.6980842517219792,-0.6399499060738891,thesis,TREND_BULL_STRONG,0.8125930399805734,5.0,cascade
A,rocket,SOL,BUY,2026-04-13T16:15:00+00:00,2026-04-13T17:31:00+00:00,82.9,83.78500000000001,1.3454406779661026,1.5,tp,TREND_BULL_STRONG,0.0,0.0,cascade
A,rocket,SOL,BUY,2026-06-08T11:20:00+00:00,2026-06-08T12:15:00+00:00,66.68,65.97,-0.824576842105269,-0.7473684210526377,thesis,TREND_BULL_STRONG,0.6069618913439832,5.0,cascade
A,rocket,SOL,BUY,2026-06-08T15:10:00+00:00,2026-06-08T17:00:00+00:00,67.45,66.91,-0.5686990740740807,-0.5000000000000066,thesis,TREND_BULL_STRONG,0.443963322197521,10.0,cascade
A,rocket,SOL,BUY,2026-07-01T20:45:00+00:00,2026-07-01T21:34:00+00:00,77.18,78.15500000000002,1.3693876923076935,1.5,tp,TREND_BULL_STRONG,0.0,0.0,cascade
A,rocket,SOL,BUY,2026-07-03T10:55:00+00:00,2026-07-03T14:15:00+00:00,81.78,80.99,-0.765180869565219,-0.6869565217391325,thesis,TREND_BULL_STRONG,1.0191626842748547,10.0,cascade
A,rocket,SOL,BUY,2026-07-14T11:35:00+00:00,2026-07-14T12:15:00+00:00,75.57,75.2,-0.6041693333333205,-0.49333333333332047,thesis,TREND_BULL_STRONG,0.2562069102638052,5.0,cascade
A,rocket,SOL,BUY,2026-08-27T08:10:00+00:00,2026-08-27T09:59:00+00:00,104.01,104.21802000000001,0.029529652996846914,0.06562145110410242,sl_trailed,TREND_BULL_STRONG,3.89392851172063,10.0,cascade
A,rocket,SOL,BUY,2026-09-22T17:30:00+00:00,2026-09-22T21:00:00+00:00,117.95,117.92,-0.12101893939393958,-0.02272727272727346,thesis,TREND_BULL_STRONG,0.0,0.0,cascade
A,rocket,BNB,BUY,2026-04-10T14:25:00+00:00,2026-04-10T16:00:00+00:00,606.73,603.82,-0.6674259328358132,-0.5429104477611867,thesis,TREND_BULL_STRONG,1.6986967196969813,10.0,cascade
A,rocket,BNB,BUY,2026-08-20T14:25:00+00:00,2026-08-20T14:30:00+00:00,642.88,642.04,-0.3524300683371382,-0.1913439635535386,thesis,TREND_BULL_STRONG,-0.4127088625927915,10.0,cascade
A,rocket,BTC,BUY,2026-07-02T03:40:00+00:00,2026-07-02T04:31:00+00:00,60774.9,60830.5,-0.014125520964099275,0.06979663570173067,sl_gap,TREND_BULL_STRONG,1.1371522648701928,10.0,cascade
A,rocket,ARB,BUY,2026-04-09T00:10:00+00:00,2026-04-09T00:15:00+00:00,0.1037,0.1038,-0.03391996142718637,0.2410800385728091,thesis,TREND_BULL_STRONG,-1.8652463777930803,10.0,cascade
A,rocket,ARB,BUY,2026-04-13T19:40:00+00:00,2026-04-13T20:15:00+00:00,0.1122,0.1112,-0.624122222222224,-0.5555555555555572,thesis,TREND_BULL_STRONG,0.46643648752779276,10.0,cascade
A,rocket,ARB,BUY,2026-04-17T06:15:00+00:00,2026-04-17T09:15:00+00:00,0.13,0.1298,-0.13720000000000218,-0.08000000000000222,thesis,TREND_BULL_STRONG,0.0,0.0,cascade
A,rocket,ARB,BUY,2026-05-26T08:20:00+00:00,2026-05-26T10:30:00+00:00,0.11,0.11255000000000001,1.428823529411765,1.5,tp,TREND_BULL_STRONG,0.3917666261043538,5.0,cascade
A,rocket,OP,BUY,2026-03-11T10:35:00+00:00,2026-03-11T12:31:00+00:00,0.1197,0.12179999999999999,1.405949999999995,1.4999999999999951,tp,TREND_BULL_STRONG,0.14958743474971317,5.0,cascade
A,rocket,OP,BUY,2026-03-31T11:40:00+00:00,2026-03-31T14:52:00+00:00,0.1091,0.1093182,0.0377653846153852,0.08392307692307742,sl_trailed,TREND_BULL_STRONG,0.6711685092428649,10.0,cascade
A,rocket,OP,BUY,2026-04-10T15:10:00+00:00,2026-04-10T16:00:00+00:00,0.116,0.1147,-0.5098571428571442,-0.46428571428571586,thesis,TREND_BULL_STRONG,0.816502224323176,10.0,cascade
A,rocket,OP,BUY,2026-04-17T13:15:00+00:00,2026-04-17T14:35:00+00:00,0.1329,0.13665,1.441524,1.5,tp,TREND_BULL_STRONG,0.0,0.0,cascade
A,rocket,OP,BUY,2026-04-30T09:35:00+00:00,2026-04-30T13:30:00+00:00,0.1216,0.1214,-0.19632941176471003,-0.11764705882353325,thesis,TREND_BULL_STRONG,0.4581318529826612,5.0,cascade
A,rocket,OP,BUY,2026-05-08T02:50:00+00:00,2026-05-08T04:45:00+00:00,0.1498,0.1483,-0.4624388888888903,-0.41666666666666796,thesis,TREND_BULL_STRONG,0.6606704030785551,5.0,cascade
A,rocket,OP,BUY,2026-05-21T17:20:00+00:00,2026-05-21T18:53:00+00:00,0.1307,0.1309614,0.058814999999997425,0.13069999999999737,sl_trailed,TREND_BULL_STRONG,0.7364250421759777,5.0,cascade
A,rocket,OP,BUY,2026-06-08T11:20:00+00:00,2026-06-08T13:31:00+00:00,0.0987,0.0987,-0.0402111111111112,0.0,sl_gap,TREND_BULL_STRONG,0.5395870862450876,5.0,cascade
A,rocket,OP,BUY,2026-06-26T06:30:00+00:00,2026-06-26T08:52:00+00:00,0.1059,0.10611179999999999,0.028881818181817634,0.06418181818181766,sl_trailed,TREND_BULL_STRONG,0.0,0.0,cascade
A,rocket,OP,BUY,2026-09-14T15:20:00+00:00,2026-09-14T17:02:00+00:00,0.09801,0.10239000000000001,1.4630784246575343,1.5,tp,TREND_BULL_STRONG,0.8288921300477188,5.0,cascade
A,waterfall,ETH,SELL,2026-03-03T08:40:00+00:00,2026-03-03T12:07:00+00:00,1973.35,1969.4033,0.06022431332655015,0.13383180739233513,sl_trailed,TREND_BEAR_STRONG,0.9325342834911603,10.0,cascade
A,waterfall,ETH,SELL,2026-05-29T02:55:00+00:00,2026-05-29T05:00:00+00:00,1997.52,2007.63,-0.6769676567656812,-0.5561056105610611,thesis,TREND_BEAR_STRONG,0.3992024368370279,10.0,cascade
A,waterfall,ETH,SELL,2026-06-03T14:35:00+00:00,2026-06-03T16:26:00+00:00,1853.34,1813.92,1.4224248858447446,1.4999999999999958,tp,TREND_BEAR_STRONG,0.45761101103398133,5.0,cascade
A,waterfall,ETH,SELL,2026-06-04T05:20:00+00:00,2026-06-04T06:30:00+00:00,1789.46,1796.83,-0.33543124999999707,-0.2647270114942497,thesis,TREND_BEAR_STRONG,0.13972886075187158,5.0,cascade
A,waterfall,ETH,SELL,2026-06-05T13:50:00+00:00,2026-06-05T15:14:00+00:00,1638.13,1579.8250000000003,1.4536418060200667,1.5,tp,TREND_BEAR_STRONG,1.0995943325221813,5.0,cascade
A,waterfall,ETH,SELL,2026-07-06T09:35:00+00:00,2026-07-06T10:45:00+00:00,1757.36,1771.86,-0.7977231067961112,-0.7038834951456264,thesis,TREND_BEAR_STRONG,0.76577935486106,5.0,cascade
A,waterfall,SOL,SELL,2026-03-02T13:20:00+00:00,2026-03-02T14:33:00+00:00,83.55,84.28,-1.1258972602739719,-1.0,sl,TREND_BEAR_STRONG,-0.6177735184032805,5.0,cascade
A,waterfall,SOL,SELL,2026-09-02T15:25:00+00:00,2026-09-02T15:30:00+00:00,98.82,98.94,-0.24073894736842513,-0.12631578947368863,thesis,TREND_BEAR_STRONG,-0.3707103254850249,10.0,cascade
A,waterfall,SOL,SELL,2026-09-07T14:25:00+00:00,2026-09-07T17:29:00+00:00,104.31,104.10138,0.059795541401271746,0.13287898089171793,sl_trailed,TREND_BEAR_STRONG,0.4319718782771125,10.0,cascade
A,waterfall,BTC,SELL,2026-06-04T05:20:00+00:00,2026-06-04T05:45:00+00:00,63798.6,64250.6,-0.5548007437314041,-0.4802379940501465,thesis,TREND_BEAR_STRONG,0.2820578556383672,5.0,cascade
A,waterfall,BTC,SELL,2026-08-28T09:05:00+00:00,2026-08-28T11:00:00+00:00,79274.3,79528.4,-0.5787717992199304,-0.4308970663048881,thesis,TREND_BEAR_STRONG,1.1137361789543014,5.0,cascade
A,waterfall,BTC,SELL,2026-09-16T17:50:00+00:00,2026-09-16T18:00:00+00:00,75340.9,75747.6,-0.8319031265930529,-0.6910790144435202,thesis,TREND_BEAR_STRONG,0.42398021732726615,5.0,cascade
A,waterfall,BTC,SELL,2026-09-22T05:25:00+00:00,2026-09-22T08:15:00+00:00,85212.7,85455.4,-0.5951837360193375,-0.42935941555453727,thesis,TREND_BEAR_STRONG,0.6551351876834669,10.0,cascade
A,waterfall,OP,SELL,2026-06-10T09:20:00+00:00,2026-06-10T12:45:00+00:00,0.094,0.0959,-0.7420000000000012,-0.7037037037037048,thesis,TREND_BEAR_STRONG,0.3706667042946084,5.0,cascade
A,waterfall,OP,SELL,2026-09-09T15:10:00+00:00,2026-09-09T17:15:00+00:00,0.10162,0.10294,-0.4474318750000013,-0.41250000000000125,thesis,TREND_BEAR_STRONG,1.6620469656560408,10.0,cascade
B,rocket,SOL,BUY,2026-04-13T16:15:00+00:00,2026-04-13T17:31:00+00:00,82.9,83.78500000000001,1.3454406779661026,1.5,tp,TREND_BULL_STRONG,0.0,0.0,cascade
B,rocket,SOL,BUY,2026-07-01T20:45:00+00:00,2026-07-01T21:34:00+00:00,77.18,78.15500000000002,1.3693876923076935,1.5,tp,TREND_BULL_STRONG,0.0,0.0,cascade
B,rocket,SOL,BUY,2026-09-22T17:30:00+00:00,2026-09-22T21:00:00+00:00,117.95,117.92,-0.12101893939393958,-0.02272727272727346,thesis,TREND_BULL_STRONG,0.0,0.0,cascade
B,rocket,BNB,BUY,2026-08-20T14:25:00+00:00,2026-08-20T14:30:00+00:00,642.88,642.04,-0.3524300683371382,-0.1913439635535386,thesis,TREND_BULL_STRONG,-0.4127088625927915,10.0,cascade
B,rocket,ARB,BUY,2026-04-09T00:10:00+00:00,2026-04-09T00:15:00+00:00,0.1037,0.1038,-0.03391996142718637,0.2410800385728091,thesis,TREND_BULL_STRONG,-1.8652463777930803,10.0,cascade
B,rocket,OP,BUY,2026-03-11T10:35:00+00:00,2026-03-11T12:31:00+00:00,0.1197,0.12179999999999999,1.405949999999995,1.4999999999999951,tp,TREND_BULL_STRONG,0.14958743474971317,5.0,cascade
B,waterfall,ETH,SELL,2026-06-04T05:20:00+00:00,2026-06-04T06:30:00+00:00,1789.46,1796.83,-0.33543124999999707,-0.2647270114942497,thesis,TREND_BEAR_STRONG,0.13972886075187158,5.0,cascade
B,waterfall,SOL,SELL,2026-03-02T13:20:00+00:00,2026-03-02T14:33:00+00:00,83.55,84.28,-1.1258972602739719,-1.0,sl,TREND_BEAR_STRONG,-0.6177735184032805,5.0,cascade
B,waterfall,SOL,SELL,2026-09-02T15:25:00+00:00,2026-09-02T15:30:00+00:00,98.82,98.94,-0.24073894736842513,-0.12631578947368863,thesis,TREND_BEAR_STRONG,-0.3707103254850249,10.0,cascade
B,waterfall,BTC,SELL,2026-06-04T05:20:00+00:00,2026-06-04T05:45:00+00:00,63798.6,64250.6,-0.5548007437314041,-0.4802379940501465,thesis,TREND_BEAR_STRONG,0.2820578556383672,5.0,cascade
C,rocket,ETH,BUY,2026-04-16T02:50:00+00:00,2026-04-16T03:00:00+00:00,2357.51,2355.49,-0.32396495786519386,-0.14185393258429796,thesis,TREND_BULL_STRONG,-0.8035238406875228,5.0,cascade
C,rocket,ETH,BUY,2026-06-29T13:29:00+00:00,2026-06-29T13:30:00+00:00,1576.38,1574.51,-0.32943491773309874,-0.17093235831810868,thesis,TREND_BULL_STRONG,-0.8573949187070888,14.0,cascade
C,rocket,ETH,BUY,2026-08-20T13:02:00+00:00,2026-08-20T13:37:00+00:00,2287.17,2267.03,-1.1249199106256214,-1.0,sl,TREND_BULL_STRONG,-0.15121319386633622,2.0,cascade
C,rocket,SOL,BUY,2026-03-13T04:02:00+00:00,2026-03-13T05:15:00+00:00,89.69,88.93,-0.9712326878915579,-0.8596390916505656,thesis,TREND_BULL_STRONG,0.04989144072648786,2.0,cascade
C,rocket,SOL,BUY,2026-04-01T12:48:00+00:00,2026-04-01T13:00:00+00:00,83.22,82.98,-0.6766163265306089,-0.4897959183673416,thesis,TREND_BULL_STRONG,-0.8379693607633103,3.0,cascade
C,rocket,SOL,BUY,2026-04-13T16:15:00+00:00,2026-04-13T17:31:00+00:00,82.9,83.78500000000001,1.3454406779661026,1.5,tp,TREND_BULL_STRONG,0.0,0.0,cascade
C,rocket,SOL,BUY,2026-04-20T12:40:00+00:00,2026-04-20T13:09:00+00:00,84.97,85.47981999999999,1.224999999999995,1.5,tp,TREND_BULL_STRONG,-0.9941549100015211,10.0,cascade
C,rocket,SOL,BUY,2026-06-08T15:01:00+00:00,2026-06-08T17:00:00+00:00,67.32,66.91,-0.5095284210526341,-0.4315789473684226,thesis,TREND_BULL_STRONG,0.15538716276911502,1.0,cascade
C,rocket,SOL,BUY,2026-07-01T20:45:00+00:00,2026-07-01T21:34:00+00:00,77.18,78.15500000000002,1.3693876923076935,1.5,tp,TREND_BULL_STRONG,0.0,0.0,cascade
C,rocket,SOL,BUY,2026-09-22T17:30:00+00:00,2026-09-22T21:00:00+00:00,117.95,117.92,-0.12101893939393958,-0.02272727272727346,thesis,TREND_BULL_STRONG,0.0,0.0,cascade
C,rocket,BNB,BUY,2026-04-06T13:46:00+00:00,2026-04-06T17:00:00+00:00,606.37,606.04,-0.4110555436449873,-0.1360555436449865,thesis,TREND_BULL_STRONG,0.038309295444045745,1.0,cascade
C,rocket,BNB,BUY,2026-06-17T16:36:00+00:00,2026-06-17T16:45:00+00:00,605.49,605.92,-0.056468660287092465,0.10287081339711565,thesis,TREND_BULL_STRONG,-1.49781843007899,6.0,cascade
C,rocket,BNB,BUY,2026-08-20T14:21:00+00:00,2026-08-20T14:30:00+00:00,642.86,642.04,-0.3494613272311323,-0.18764302059497692,thesis,TREND_BULL_STRONG,-0.4192597969196553,6.0,cascade
C,rocket,BTC,BUY,2026-04-15T14:41:00+00:00,2026-04-15T14:45:00+00:00,74011.0,73926.3,-0.5611061193606364,-0.28610611936063113,thesis,TREND_BULL_STRONG,-1.5095289548299868,11.0,cascade
C,rocket,BTC,BUY,2026-04-15T15:26:00+00:00,2026-04-15T15:30:00+00:00,74027.5,73990.7,-0.3992781398804589,-0.12427813988045942,thesis,TREND_BULL_STRONG,-0.7307580089704105,11.0,cascade
C,rocket,ARB,BUY,2026-03-11T16:17:00+00:00,2026-03-11T17:37:00+00:00,0.1009,0.1011018,0.06985384615384715,0.15523076923076962,sl_trailed,TREND_BULL_STRONG,0.0,2.0,cascade
C,rocket,ARB,BUY,2026-04-09T00:09:00+00:00,2026-04-09T00:15:00+00:00,0.1036,0.1038,0.20762548262549874,0.48262548262550187,thesis,TREND_BULL_STRONG,-1.9749667529573829,9.0,cascade
C,rocket,ARB,BUY,2026-04-15T19:07:00+00:00,2026-04-15T21:15:00+00:00,0.1159,0.1158,-0.2274900000000027,-0.10000000000000278,thesis,TREND_BULL_STRONG,-0.3260987313888895,7.0,cascade
C,rocket,ARB,BUY,2026-07-22T22:26:00+00:00,2026-07-22T22:41:00+00:00,0.09069,0.09019,-1.1995179999999999,-1.0,sl,TREND_BULL_STRONG,-0.15440540350154638,11.0,cascade
C,rocket,ARB,BUY,2026-08-03T16:20:00+00:00,2026-08-03T16:49:00+00:00,0.08132,0.08185880069879123,1.2509691425771838,1.5000000000000193,tp,TREND_BULL_STRONG,-0.5022807682326297,5.0,cascade
C,rocket,OP,BUY,2026-03-11T10:35:00+00:00,2026-03-11T12:31:00+00:00,0.1197,0.12179999999999999,1.405949999999995,1.4999999999999951,tp,TREND_BULL_STRONG,0.14958743474971317,5.0,cascade
C,rocket,OP,BUY,2026-06-18T13:42:00+00:00,2026-06-18T13:45:00+00:00,0.1074,0.1073,-0.18178333333332525,-0.08333333333332466,thesis,TREND_BULL_STRONG,-1.9602579999074081,12.0,cascade
C,rocket,OP,BUY,2026-07-20T18:17:00+00:00,2026-07-20T18:45:00+00:00,0.0942,0.0933,-0.912381818181826,-0.8181818181818262,thesis,TREND_BULL_STRONG,0.0,2.0,cascade
C,rocket,OP,BUY,2026-08-07T12:29:00+00:00,2026-08-07T12:38:00+00:00,0.0888,0.0883,-1.1953599999999998,-1.0,sl,TREND_BULL_STRONG,-0.8819110387032872,14.0,cascade
C,rocket,OP,BUY,2026-08-20T02:02:00+00:00,2026-08-20T02:15:00+00:00,0.08943,0.08901,-0.6245457831325198,-0.5060240963855315,thesis,TREND_BULL_STRONG,-0.08937341396026224,2.0,cascade
C,waterfall,ETH,SELL,2026-05-08T15:44:00+00:00,2026-05-08T15:45:00+00:00,2283.48,2284.07,-0.33959439101722727,-0.06459439101723373,thesis,TREND_BEAR_STRONG,-0.8168891634942395,14.0,cascade
C,waterfall,ETH,SELL,2026-05-19T13:38:00+00:00,2026-05-19T13:48:00+00:00,2122.68,2118.43464,0.22499999999999293,0.5,sl_trailed,TREND_BEAR_STRONG,-2.390478916084261,8.0,cascade
C,waterfall,ETH,SELL,2026-06-04T05:16:00+00:00,2026-06-04T06:30:00+00:00,1788.51,1796.83,-0.3573241055922178,-0.2889892323723497,thesis,TREND_BEAR_STRONG,0.196699855479034,1.0,cascade
C,waterfall,SOL,SELL,2026-03-02T13:19:00+00:00,2026-03-02T14:31:00+00:00,83.63,83.46274,0.11579538461538186,0.25732307692307294,sl_trailed,TREND_BEAR_STRONG,-0.7771989425073483,4.0,cascade
C,waterfall,SOL,SELL,2026-03-20T14:29:00+00:00,2026-03-20T14:30:00+00:00,89.15,89.26,-0.47287500000000116,-0.25,thesis,TREND_BEAR_STRONG,-1.2419566957301404,14.0,cascade
C,waterfall,SOL,SELL,2026-05-11T12:26:00+00:00,2026-05-11T12:30:00+00:00,95.14,95.16,-0.30403414634145626,-0.04878048780486875,thesis,TREND_BEAR_STRONG,-1.1857917040577002,11.0,cascade
C,waterfall,SOL,SELL,2026-05-11T13:11:00+00:00,2026-05-11T13:15:00+00:00,95.21,95.22,-0.3012577460350888,-0.02625774603509335,thesis,TREND_BEAR_STRONG,-1.153893538528259,11.0,cascade
C,waterfall,SOL,SELL,2026-09-02T15:21:00+00:00,2026-09-02T15:30:00+00:00,98.87,98.94,-0.19861888888888318,-0.07777777777777094,thesis,TREND_BEAR_STRONG,-0.4549626721861866,6.0,cascade
C,waterfall,BNB,SELL,2026-06-18T08:11:00+00:00,2026-06-18T08:15:00+00:00,592.04,591.54,-0.0638656171880281,0.21113438281197314,thesis,TREND_BEAR_STRONG,-1.147586461033098,11.0,cascade
C,waterfall,BNB,SELL,2026-07-17T15:20:00+00:00,2026-07-17T16:00:00+00:00,560.31,563.25,-1.1737099009900835,-0.9702970297029606,thesis,TREND_BEAR_STRONG,-0.08447145493932932,5.0,cascade
C,waterfall,BTC,SELL,2026-04-07T00:51:00+00:00,2026-04-07T02:39:00+00:00,68819.8,68682.16040000001,0.16052027875944636,0.3567117305765634,sl_trailed,TREND_BEAR_STRONG,-0.27737701459221276,6.0,cascade
C,waterfall,BTC,SELL,2026-06-04T05:16:00+00:00,2026-06-04T05:45:00+00:00,63827.0,64250.6,-0.5409834574934235,-0.4640666082383843,thesis,TREND_BEAR_STRONG,0.22341625168426676,1.0,cascade
C,waterfall,BTC,SELL,2026-07-27T13:43:00+00:00,2026-07-27T13:45:00+00:00,65593.1,65637.7,-0.4449873919665118,-0.16998739196650436,thesis,TREND_BEAR_STRONG,-5.239817924130735,13.0,cascade
C,waterfall,BTC,SELL,2026-09-02T15:21:00+00:00,2026-09-02T15:30:00+00:00,76961.3,77006.4,-0.2507389951690653,-0.08714975845408941,thesis,TREND_BEAR_STRONG,-0.5790358715726083,6.0,cascade
C,waterfall,ARB,SELL,2026-04-07T14:27:00+00:00,2026-04-07T14:30:00+00:00,0.0938,0.0938,-0.2749999999999955,0.0,thesis,TREND_BEAR_STRONG,-1.3377155562756635,12.0,cascade
C,waterfall,ARB,SELL,2026-05-11T13:06:00+00:00,2026-05-11T13:30:00+00:00,0.1422,0.1426,-0.556420000000011,-0.4000000000000111,thesis,TREND_BEAR_STRONG,-0.6800511148220039,6.0,cascade
C,waterfall,ARB,SELL,2026-06-04T07:16:00+00:00,2026-06-04T09:23:00+00:00,0.09,0.08759999999999998,1.4381250000000045,1.5000000000000044,tp,TREND_BEAR_STRONG,0.08880739153108443,1.0,cascade
C,waterfall,ARB,SELL,2026-07-08T04:27:00+00:00,2026-07-08T05:04:00+00:00,0.07623,0.07675771221110679,-1.1588991087095235,-1.0,sl,TREND_BEAR_STRONG,-0.4610211473568533,12.0,cascade
C,waterfall,ARB,SELL,2026-07-20T08:49:00+00:00,2026-07-20T09:15:00+00:00,0.08623,0.08658,-0.7804438596491268,-0.6140350877193025,thesis,TREND_BEAR_STRONG,-0.46655483784885843,4.0,cascade
C,waterfall,OP,SELL,2026-04-07T14:27:00+00:00,2026-04-07T14:30:00+00:00,0.1089,0.1088,-0.0454315886134008,0.22956841138660278,thesis,TREND_BEAR_STRONG,-1.4836632592162347,12.0,cascade
C,waterfall,OP,SELL,2026-05-11T13:06:00+00:00,2026-05-11T13:37:00+00:00,0.1584,0.15734440192428167,1.252405763128996,1.5000000000000198,tp,TREND_BEAR_STRONG,-0.680321460085913,6.0,cascade
C,waterfall,OP,SELL,2026-06-16T14:17:00+00:00,2026-06-16T18:00:00+00:00,0.1068,0.1074,-0.2242124999999971,-0.18749999999999703,thesis,TREND_BEAR_STRONG,0.3476741653752158,2.0,cascade
C,waterfall,OP,SELL,2026-08-05T10:19:00+00:00,2026-08-05T12:30:00+00:00,0.088,0.0886,-0.5359999999999987,-0.46153846153846073,thesis,TREND_BEAR_STRONG,0.0,4.0,cascade
C,waterfall,OP,SELL,2026-08-06T14:30:00+00:00,2026-08-06T14:43:00+00:00,0.0864,0.0869,-1.1900799999999998,-1.0,sl,TREND_BEAR_STRONG,0.0,0.0,cascade
D,rocket,SOL,BUY,2026-04-13T16:15:00+00:00,2026-04-13T17:31:00+00:00,82.9,83.78500000000001,1.3454406779661026,1.5,tp,TREND_BULL_STRONG,0.0,0.0,cascade
D,rocket,SOL,BUY,2026-07-01T20:45:00+00:00,2026-07-01T21:34:00+00:00,77.18,78.15500000000002,1.3693876923076935,1.5,tp,TREND_BULL_STRONG,0.0,0.0,cascade
D,rocket,SOL,BUY,2026-09-22T17:30:00+00:00,2026-09-22T21:00:00+00:00,117.95,117.92,-0.12101893939393958,-0.02272727272727346,thesis,TREND_BULL_STRONG,0.0,0.0,cascade
D,rocket,BNB,BUY,2026-08-20T14:25:00+00:00,2026-08-20T14:30:00+00:00,642.88,642.04,-0.3524300683371382,-0.1913439635535386,thesis,TREND_BULL_STRONG,-0.4127088625927915,10.0,cascade
D,rocket,BTC,BUY,2026-04-27T09:45:00+00:00,2026-04-27T10:15:00+00:00,77907.0,77771.7,-0.542991891891899,-0.3324324324324396,thesis,TREND,0.0,0.0,early_break
D,rocket,ARB,BUY,2026-04-09T00:10:00+00:00,2026-04-09T00:15:00+00:00,0.1037,0.1038,-0.03391996142718637,0.2410800385728091,thesis,TREND_BULL_STRONG,-1.8652463777930803,10.0,cascade
D,rocket,OP,BUY,2026-03-11T10:35:00+00:00,2026-03-11T12:31:00+00:00,0.1197,0.12179999999999999,1.405949999999995,1.4999999999999951,tp,TREND_BULL_STRONG,0.14958743474971317,5.0,cascade
D,waterfall,ETH,SELL,2026-06-04T05:20:00+00:00,2026-06-04T06:30:00+00:00,1789.46,1796.83,-0.33543124999999707,-0.2647270114942497,thesis,TREND_BEAR_STRONG,0.13972886075187158,5.0,cascade
D,waterfall,SOL,SELL,2026-03-02T13:20:00+00:00,2026-03-02T14:33:00+00:00,83.55,84.28,-1.1258972602739719,-1.0,sl,TREND_BEAR_STRONG,-0.6177735184032805,5.0,cascade
D,waterfall,SOL,SELL,2026-09-02T15:25:00+00:00,2026-09-02T15:30:00+00:00,98.82,98.94,-0.24073894736842513,-0.12631578947368863,thesis,TREND_BEAR_STRONG,-0.3707103254850249,10.0,cascade
D,waterfall,BNB,SELL,2026-07-10T07:45:00+00:00,2026-07-10T08:30:00+00:00,574.54,577.04,-0.7929098734177124,-0.632911392405056,thesis,TREND,0.0,0.0,early_break
D,waterfall,BTC,SELL,2026-06-04T05:20:00+00:00,2026-06-04T05:45:00+00:00,63798.6,64250.6,-0.5548007437314041,-0.4802379940501465,thesis,TREND_BEAR_STRONG,0.2820578556383672,5.0,cascade
