Size,EntryBar,ExitBar,EntryPrice,ExitPrice,SL,TP,PnL,Commission,ReturnPct,EntryTime,ExitTime,Duration,Tag,Entry_λ,Exit_λ,"Entry_ta_adx_wr…(H,L,C,14)","Exit_ta_adx_wr…(H,L,C,14)","Entry_ta_atr_wr…(H,L,C,14)","Exit_ta_atr_wr…(H,L,C,14)"
15,62,62,62945.99,62726.47405990868,62726.47405990868,63575.46,-5177.826062268401,1885.0869608986302,-0.0054838823593246705,2024-07-01 13:30:00,2024-07-01 13:30:00,0 days 00:00:00,,62991.62958641127,62991.62958641127,21.106617682025608,21.106617682025608,164.67486767557767,164.67486767557767
15,66,78,62832.01,63460.3301,62554.133111725634,63460.3301,7530.416398499958,1894.3851015,0.00799000000000001,2024-07-01 14:30:00,2024-07-01 17:30:00,0 days 03:00:00,,62983.980783714425,63477.77048820855,18.048226674588847,31.40578517989206,184.44616893175242,203.30649162831435
15,99,132,62911.98,62657.37586442231,62657.37586442231,63310.17400000001,-5702.602371631694,1883.5403379663348,-0.006042942718415659,2024-07-01 22:45:00,2024-07-02 07:00:00,0 days 08:15:00,,63718.846613057045,63275.477985520345,23.147669638267562,17.911507577743386,165.3339886909468,112.08242746153797
16,165,207,62037.47,61718.0247329655,61718.0247329655,62624.240500000014,-7091.212188279418,1980.087915727448,-0.007144081822928368,2024-07-02 15:15:00,2024-07-03 01:45:00,0 days 10:30:00,,63272.79753561405,62334.16489859345,28.42849999871489,22.613117829776723,211.36968911659596,177.28535087321842
17,394,403,57050.0,56555.48682528516,56555.48682528516,58029.66500000001,-10338.01724618214,1931.2932760298477,-0.010659398098862882,2024-07-05 00:30:00,2024-07-05 02:45:00,0 days 02:15:00,,59104.23081916808,58623.516759750586,31.07640221322101,34.452033931409396,348.3786319663298,457.5869339749574
17,640,641,56872.01,56598.08961316467,56598.08961316467,57411.84200000001,-6585.638269624389,1928.9916934237995,-0.006811619396755918,2024-07-07 14:00:00,2024-07-07 14:15:00,0 days 00:15:00,,57993.44484010578,57970.67145286737,23.44689249186657,25.688787278764952,186.03857280281926,193.21724617404652
17,642,656,56846.01,57326.75800000001,56556.17413073893,57326.75800000001,6231.778944000116,1940.9370560000002,0.006448565730470906,2024-07-07 14:30:00,2024-07-07 18:00:00,0 days 03:30:00,,57943.52156937697,57225.630894907736,26.998711287119647,19.57403799757526,193.45530001875719,207.8015572628799
16,1031,1068,57560.3,57047.815306924254,57047.815306924254,58361.21200000001,-10033.484934122764,1833.7298449107882,-0.010894536831508358,2024-07-11 15:45:00,2024-07-12 01:00:00,0 days 09:15:00,,59253.45728141638,57642.456728607955,25.08880858023273,31.066695338974796,339.73933380879254,230.35716793042693
16,1251,1251,58775.99,59363.76,58551.93934364828,59363.76,7514.084000000065,1890.236,0.007990171667036264,2024-07-13 22:45:00,2024-07-13 22:45:00,0 days 00:00:00,,59063.61085275443,59063.61085275443,21.757319547686407,21.757319547686407,193.27635869392105,193.27635869392105
16,1309,1315,59625.99,60028.199,59390.16132668908,60028.199,4520.876976000041,1914.467024,0.00473878607298598,2024-07-14 13:15:00,2024-07-14 14:45:00,0 days 01:30:00,,60418.143749211034,60240.76697305831,25.811396547784586,22.33769980643663,158.41846443056895,181.13707770965553
15,1703,1703,63850.01,63461.959341144866,63461.959341144866,64484.340000000004,-7730.439422944215,1909.679540117173,-0.008071457282407282,2024-07-18 15:45:00,2024-07-18 15:45:00,0 days 00:00:00,,65324.84528009826,65324.84528009826,27.978630087555167,27.978630087555167,276.1446935769871,276.1446935769871
15,1704,1760,63538.12,64430.74650000001,63123.90295963452,64430.74650000001,11469.864502500086,1919.5329975000002,0.012034627928871784,2024-07-18 16:00:00,2024-07-19 06:00:00,0 days 14:00:00,,65338.51968843803,64487.50301732993,29.90071030679928,18.630379664365087,281.2057868929166,170.25904283946016
15,1770,1772,63538.63,64084.356,63234.326330132346,64084.356,6271.545210000036,1914.34479,0.006580296333112568,2024-07-19 08:30:00,2024-07-19 09:00:00,0 days 00:30:00,,64600.32999432062,64552.69214911686,23.114421187414663,21.102730260508796,218.52917658473592,219.90796348377705
14,1886,1886,66557.76,66409.5954023466,66409.5954023466,67223.3477,-3935.847342780326,1861.5429756328526,-0.004223879425265146,2024-07-20 13:30:00,2024-07-20 13:30:00,0 days 00:00:00,,66644.71763486479,66644.71763486479,11.035737922752961,11.035737922752961,113.31356045210606,113.31356045210606
14,1888,1900,66539.88,67205.2889,66366.15075508457,67205.2889,7443.292235399928,1872.4323646000003,0.007990151636882969,2024-07-20 14:00:00,2024-07-20 17:00:00,0 days 03:00:00,,66644.17046189627,66986.04905042534,11.347457549540628,21.08357045937002,114.77572304288739,157.79360592239294
14,1957,1985,66755.45,67079.19249999999,66545.38919636191,67079.19249999999,2658.7100049999026,1873.6849949999998,0.0028448292611313064,2024-07-21 07:15:00,2024-07-21 14:15:00,0 days 07:00:00,,67454.16534079977,67076.52220191136,29.47452076755412,21.552389936706557,142.3421641569149,138.02600774815716
14,2053,2060,67297.96,66979.82108038619,66979.82108038619,67795.518,-6333.833809718871,1879.8889351254068,-0.006722591601501796,2024-07-22 07:15:00,2024-07-22 09:00:00,0 days 01:45:00,,68291.9138390781,68021.1436886592,26.49540628401181,32.393541415961025,207.90647404664688,205.6378192445435
14,2269,2277,66440.0,66200.27630289532,66200.27630289532,67104.4,-5213.095627706061,1856.9638682405343,-0.0056045149519503125,2024-07-24 13:15:00,2024-07-24 15:15:00,0 days 02:00:00,,66599.86684047426,66870.88807983443,28.481471762959465,25.460421286010174,173.75681249337146,257.528196145871
14,2755,2755,68860.02,68460.87806951859,68460.87806951859,69494.974,-7510.479599713126,1922.4925729732604,-0.007790628416183137,2024-07-29 14:45:00,2024-07-29 14:45:00,0 days 00:00:00,,70299.13866294712,70299.13866294712,27.874492766924494,27.874492766924494,303.94714744088145,303.94714744088145
14,2843,2846,66809.99,66489.81326616205,66489.81326616205,67478.1,-6348.671519457677,1866.1972457262686,-0.006787555829661406,2024-07-30 12:45:00,2024-07-30 13:30:00,0 days 00:45:00,,66992.22878419382,66911.45605963236,25.106502341628456,25.502114145070927,211.21154951873476,232.07216264309815
14,2963,2965,66545.99,66153.72063054238,66153.72063054238,67211.46,-7349.567121234415,1857.7959488275933,-0.00788881614186182,2024-07-31 18:45:00,2024-07-31 19:15:00,0 days 00:30:00,,66753.55344666135,66843.00064700698,11.740899739969308,13.246649653591307,258.2688953785301,295.4190985661809
15,3242,3242,61027.78,60646.642381823905,60646.642381823905,61781.242,-7542.180608368759,1825.1163357273585,-0.008239068184323937,2024-08-03 16:30:00,2024-08-03 16:30:00,0 days 00:00:00,,62665.79192125599,62665.79192125599,30.62861743124842,30.62861743124842,289.9037636328218,289.9037636328218
15,3985,3988,61204.64,60925.179418021886,60925.179418021886,61816.6864,-6023.856020942032,1831.9472912703282,-0.006561437194894657,2024-08-11 10:15:00,2024-08-11 11:00:00,0 days 00:45:00,,61358.42834116921,61426.64957328472,29.28635057868028,28.594616212165914,187.8129793197836,200.6459604830772
15,3997,4021,60284.01,59927.821432863544,59927.821432863544,60887.399,-7146.005978539823,1803.1774714929531,-0.007902599687202612,2024-08-11 13:15:00,2024-08-11 19:15:00,0 days 06:00:00,,61585.756113943855,60513.52753964915,29.807632061903195,25.663558078186583,232.4264939416148,219.74302372083156
15,4290,4298,59492.68,58856.867399276365,58856.867399276365,60809.95450000001,-11312.432221843672,1775.2432109891456,-0.012676553621771761,2024-08-14 14:30:00,2024-08-14 16:30:00,0 days 02:00:00,,62219.24580271411,61808.71321187921,29.963467837112827,35.93214479579956,421.73518140034906,422.2973433887443
15,4863,4864,60774.99,60488.89287855441,60488.89287855441,61382.7298,-6110.4150648621035,1818.9582431783163,-0.006702773695629388,2024-08-20 13:45:00,2024-08-20 14:00:00,0 days 00:15:00,,60999.51309476986,60988.10588602105,25.012288347209694,24.877329132163197,196.54226565679429,238.5928181098804
15,4960,4960,59928.01,59544.59429465509,59544.59429465509,60527.28,-7543.32464459346,1792.0890644198264,-0.0083915402770685,2024-08-21 14:00:00,2024-08-21 14:00:00,0 days 00:00:00,,59744.48060418148,59744.48060418148,13.414737268713285,13.414737268713285,293.2599604516073,293.2599604516073
14,5524,5536,62332.06,62083.28626621338,62083.28626621338,62736.512500000004,-5224.647120739669,1741.8148477269872,-0.005987112892672463,2024-08-27 11:00:00,2024-08-27 14:00:00,0 days 03:00:00,,63105.278619465586,62794.78674786468,26.53855332960613,35.03522441638887,169.71088282029285,223.35529560089313
15,5824,5824,59653.0,59303.672799298496,59303.672799298496,60249.53,-7024.258102512036,1784.3500919894775,-0.007850131150165206,2024-08-30 14:00:00,2024-08-30 14:00:00,0 days 00:00:00,,59712.0383807061,59712.0383807061,20.29483870137316,20.29483870137316,255.9637432914073,255.9637432914073
15,5902,5907,58931.99,59152.3315,58805.12516069664,59152.3315,1533.857677500034,1771.2648225,0.0017351726710738333,2024-08-31 09:30:00,2024-08-31 10:45:00,0 days 01:15:00,,59392.38304557587,59285.584009730665,23.301150441483543,22.147275991236757,86.28442433065365,87.31458778894488
15,6016,6016,58175.0,57897.218035824684,57897.218035824684,58756.7601,-5907.812733167108,1741.0832705373703,-0.006770162135129133,2024-09-01 14:00:00,2024-09-01 14:00:00,0 days 00:00:00,,58400.528246646914,58400.528246646914,24.57925776332088,24.57925776332088,241.8235968704371,241.8235968704371
15,6054,6089,57374.01,58151.635500000004,56956.69049104927,58151.635500000004,9931.497817500029,1732.8846825,0.011540065867803212,2024-09-01 23:30:00,2024-09-02 08:15:00,0 days 08:45:00,,59050.500330434304,58001.501016831164,22.583517460879936,13.076786639879561,274.04564839807273,213.09968426787282
15,6360,6369,57135.42,56822.53340149762,56822.53340149762,57828.2755,-6402.66827855817,1709.3693010224642,-0.007470751976687682,2024-09-05 04:00:00,2024-09-05 06:15:00,0 days 02:15:00,,58542.49523090504,58064.02488638182,29.081953151354053,34.85834885959216,207.69098954909245,198.87023368830023
16,6472,6490,55804.28,56404.7285,55436.18451303283,56404.7285,7811.831863999978,1795.344136,0.008749140594592262,2024-09-06 08:00:00,2024-09-06 12:30:00,0 days 04:30:00,,57063.2430318908,56303.27319573667,29.294562076669667,24.741911531815465,237.44625383682094,265.88246605457454
16,6695,6695,53899.99,53682.19412268735,53682.19412268735,54312.172000000006,-5206.048982965313,1721.3149459629976,-0.0060366998479096275,2024-09-08 15:45:00,2024-09-08 15:45:00,0 days 00:00:00,,54764.97205739428,54764.97205739428,30.724757774695405,30.724757774695405,157.96268595545078,157.96268595545078
15,6972,6974,56748.0,56410.01505226085,56410.01505226085,57315.4901,-6767.14444187112,1697.3702257839127,-0.007949935905959816,2024-09-11 13:00:00,2024-09-11 13:30:00,0 days 00:30:00,,56940.025653092816,56958.19489107504,16.24972227967812,16.13006177731839,240.48496764804577,265.7878037373457
15,7073,7074,57973.68,58553.426900000006,57670.61913491731,58553.426900000006,6948.296896500084,1747.9066035,0.00799017404277252,2024-09-12 14:15:00,2024-09-12 14:30:00,0 days 00:15:00,,58287.44772395087,58277.6346273905,20.522539785967716,21.0544095050595,213.39101171785532,240.7637965951514
15,7233,7251,60020.01,59837.00063050729,59837.00063050729,60299.6805,-4542.9957018483,1797.8551594576095,-0.0050460901309950235,2024-09-14 06:15:00,2024-09-14 10:45:00,0 days 04:30:00,,60596.845671099356,60147.208601592225,26.73393643039513,28.010941838082957,118.00032397167824,103.48692708888632
15,7349,7355,59934.34,60085.088500000005,59842.1709702162,60085.088500000005,460.9360725001318,1800.2914275,0.0005127122697939812,2024-09-15 11:15:00,2024-09-15 12:45:00,0 days 01:30:00,,60246.02009054727,60149.5554469414,31.833196142140118,31.626804346188873,61.849875580446344,63.924353205905966
15,7362,7372,60073.97,59928.289907111124,59928.289907111124,60674.7097,-3985.2352919398218,1800.033898606667,-0.00442258690071571,2024-09-15 14:30:00,2024-09-15 17:00:00,0 days 02:30:00,,60216.59028927446,60395.72984032639,25.00745617610826,21.367936965464175,98.75077178835402,137.11825783882742
14,7598,7630,60227.99,59897.874575967595,59897.874575967595,60830.28,-6303.378040517189,1681.7621040635463,-0.007475615384281797,2024-09-18 01:30:00,2024-09-18 09:30:00,0 days 08:00:00,,60390.44251162823,60593.517256325664,20.733862330109005,19.61261746762733,217.5762148772015,151.1951783780101
14,7634,7644,59679.99,60154.4005,59402.171913139675,60154.4005,4964.065533000075,1677.681467,0.005941289693580801,2024-09-18 10:30:00,2024-09-18 13:00:00,0 days 02:30:00,,60692.57936764256,60223.22282942128,28.43817479916376,29.11752780182104,191.31048234210687,181.19225297337337
14,7840,7842,62836.46,63356.18000000001,62519.383215175694,63356.18000000001,5509.383040000118,1766.6969600000002,0.006262723266078388,2024-09-20 14:00:00,2024-09-20 14:30:00,0 days 00:30:00,,63939.35909282211,63904.79414504827,22.751447438079637,21.218266849793217,225.099914415046,271.5499262048104
14,8129,8130,63476.71,63156.3999039812,63156.3999039812,64111.4872,-6257.204882918966,1772.8635386557366,-0.007041058144361684,2024-09-23 14:15:00,2024-09-23 14:30:00,0 days 00:15:00,,63703.815698711835,63690.21888022689,23.94437550047939,23.556628632868694,224.84482134497537,253.7894769631914
14,8158,8170,63365.8,63096.63123628655,63096.63123628655,63999.458000000006,-5538.83672929635,1770.4740373080117,-0.006243607670853028,2024-09-23 21:30:00,2024-09-24 00:30:00,0 days 03:00:00,,63525.60286155389,63425.32266819034,15.562895062948659,26.962930755335446,179.18113944166313,189.75729911169796
13,8294,8304,63826.0,63597.52922294904,63597.52922294904,64183.90150000001,-4626.625981560857,1656.5058798983378,-0.005576008308117523,2024-09-25 07:30:00,2024-09-25 10:00:00,0 days 02:30:00,,64580.74173403771,64208.455142454375,25.245037278649928,32.44753781162946,149.28381436488195,140.40555520692914
13,8586,8588,65642.63,65492.57742001939,65492.57742001939,65895.14349999999,-3655.4412362082185,1704.7576964602522,-0.004283615501094795,2024-09-28 08:30:00,2024-09-28 09:00:00,0 days 00:30:00,,66147.80549926114,66140.01645203597,19.47874755708532,22.686476677046745,102.25326379752063,108.62842643765897
13,8590,8609,65518.17,65807.8685,65355.410763176114,65807.8685,2058.8419994999817,1707.2385005,0.0024172296250033016,2024-09-28 09:30:00,2024-09-28 14:15:00,0 days 04:45:00,,66088.58877363465,65847.70672693575,26.411079195239793,24.97797493544343,105.74976565287969,114.6868760949978
13,8675,8696,65538.11,65743.0165,65420.359336166606,65743.0165,957.1298554999651,1706.6546445000001,0.0011233978749157296,2024-09-29 06:45:00,2024-09-29 12:00:00,0 days 05:15:00,,65961.59491247099,65730.36109865301,24.95609149032734,19.222014519237955,76.61255380162629,68.27049530568178
13,8747,8751,65341.99,65130.19030800532,65130.19030800532,65709.46750000001,-4449.534339934838,1696.1383440040693,-0.005238161131956298,2024-09-30 00:45:00,2024-09-30 01:45:00,0 days 01:00:00,,66059.1605233491,66092.1597277544,23.3576468120503,25.287106964926675,142.15171409194173,175.38890999010673
14,8988,8991,60798.8,61345.19850000001,60444.84328191483,61345.19850000001,5939.563021000144,1710.0159790000002,0.0069780078142990315,2024-10-02 13:00:00,2024-10-02 13:45:00,0 days 00:45:00,,61889.23036854126,61682.68159577991,28.01346385555406,29.60769370204272,240.25892071939322,286.3046023398348
14,9069,9075,60418.01,61035.2465,60080.35945545696,61035.2465,6940.965408999987,1700.3455910000002,0.008205885025011551,2024-10-03 09:15:00,2024-10-03 10:45:00,0 days 01:30:00,,61755.27696171864,61551.81210968547,28.047878179045608,24.302078543134833,231.49319424093218,199.6758865394731
14,9459,9460,63026.0,62802.87172571416,62802.87172571416,63416.62600000001,-4885.400044161736,1761.6042041599983,-0.005536717323192813,2024-10-07 10:45:00,2024-10-07 11:00:00,0 days 00:15:00,,63894.51646765047,63903.603732409676,24.242132291399603,26.667778352055812,149.62131265313846,159.2983617493433
14,9461,9471,62918.67,63363.43350000001,62679.73245737598,63363.43350000001,4458.739551000115,1767.9494490000002,0.005061794797951132,2024-10-07 11:15:00,2024-10-07 13:45:00,0 days 02:30:00,,63911.2946379671,63413.5378371446,28.920163979808006,26.897416808499145,157.3141930529614,201.54749680550685
13,10199,10206,65518.15,65247.001413602775,65247.001413602775,65929.09199999999,-5224.8785915407825,1699.9469683768361,-0.0061343877659981,2024-10-15 03:45:00,2024-10-15 05:30:00,0 days 01:45:00,,66309.47638475576,66057.86063376865,21.764201187584515,24.45046114336233,184.53960110304624,173.4409312725976
13,10431,10432,67211.99,66908.76057175834,66908.76057175834,67884.12,-5685.552324574564,1743.5697574328585,-0.006507026184069679,2024-10-17 13:45:00,2024-10-17 14:00:00,0 days 00:15:00,,67413.60677147743,67358.95871058865,16.77765568343342,18.013427234163558,214.50821748293185,227.7576305198653
12,10719,10753,68407.99,69092.0699,68310.32605432252,69092.0699,6558.958081199964,1650.0007188000002,0.00799000000000001,2024-10-20 13:45:00,2024-10-20 22:15:00,0 days 08:30:00,,68505.20990343053,68940.10090437584,25.05478175388437,22.7433923479578,66.03077589558367,141.3037437913673
13,10799,10813,68280.68,68035.87106547356,68035.87106547356,68724.551,-4954.631312694755,1772.115163851156,-0.005581747070941676,2024-10-21 09:45:00,2024-10-21 13:15:00,0 days 03:30:00,,69255.28016624652,68570.86241868275,28.27673647218263,38.36843470054329,163.42862613541635,173.5564651757834
13,10895,10901,66828.0,67399.102,66533.96242482851,67399.102,5679.373673999986,1744.952326,0.006537303196264995,2024-10-22 09:45:00,2024-10-22 11:15:00,0 days 01:30:00,,68003.31598563334,67789.61434503052,27.828888867921155,24.291531051110255,196.10159415377734,186.6807530272517
13,10966,10984,66954.62,66726.04822556922,66726.04822556922,67312.2225,-4709.281754532497,1737.8486869323997,-0.005410417423866281,2024-10-23 03:30:00,2024-10-23 08:00:00,0 days 04:30:00,,67661.97344338713,67322.29227438437,21.823702035785157,22.044414020196996,151.10324131429334,150.35893297568973
13,11173,11173,67488.0,67272.31292837056,67272.31292837056,67851.7755,-4555.815999251487,1751.8840680688174,-0.005192736257672609,2024-10-25 07:15:00,2024-10-25 07:15:00,0 days 00:00:00,,68249.5566429457,68249.5566429457,24.001255617636225,24.001255617636225,154.984139580125,154.984139580125
12,11499,11500,68909.09,68538.57129932975,68538.57129932975,69598.18089999999,-6095.596343634923,1649.371935591957,-0.007371543608681804,2024-10-28 16:45:00,2024-10-28 17:00:00,0 days 00:15:00,,69147.96863216016,69154.25202775649,23.364856541329047,23.507345077309736,248.70729089110236,260.94677011316634
12,11501,11508,68903.99,69593.04,68512.57984483025,69593.04,6606.63563999986,1661.9643600000002,0.007990146434190314,2024-10-28 17:15:00,2024-10-28 19:00:00,0 days 01:45:00,,69157.58225667989,69400.44208284002,23.50950248544262,18.100799549835834,251.9891436765122,274.3425090224784
12,11583,11591,71516.6,72231.7761,71233.93177022152,72231.7761,6857.132686799963,1724.9805132000001,0.00799014108472721,2024-10-29 13:45:00,2024-10-29 15:45:00,0 days 02:00:00,,71621.63988390248,72274.11932595058,17.908501273612423,27.75505456454994,208.63914224382424,273.7178443166045
12,11678,11678,71772.03,71483.58638881579,71483.58638881579,72230.5135,-5180.390730876284,1719.0673966657896,-0.006014867178384441,2024-10-30 13:30:00,2024-10-30 13:30:00,0 days 00:00:00,,72771.23953689018,72771.23953689018,30.35100536991493,30.35100536991493,207.1910450187949,207.1910450187949
12,12013,12016,69110.91,68934.44076248667,68934.44076248667,69379.92599999999,-3774.175059309811,1656.5442091498403,-0.004550867414071378,2024-11-03 01:15:00,2024-11-03 02:00:00,0 days 00:45:00,,69644.56006592397,69675.45436965492,23.327282506260673,29.177137774215957,121.07309941301078,146.93129716121754
12,12068,12072,67776.99,68293.43000000001,67466.73673298735,68293.43000000001,4564.434960000028,1632.8450400000002,0.005612075425598087,2024-11-03 15:00:00,2024-11-03 16:00:00,0 days 01:00:00,,68859.08005044103,68786.56872038364,30.30320323272736,31.64625932239201,214.3998795792585,267.19972929673054
12,12139,12149,68527.99,68952.38600000001,68248.1637383762,68952.38600000001,3442.987488000095,1649.7645120000002,0.004186838458270932,2024-11-04 08:45:00,2024-11-04 11:15:00,0 days 02:30:00,,69374.38043194287,69086.12220260786,16.56662153694613,10.79676085329081,190.06149529092687,192.72953139505833
11,12654,12656,75977.08,76257.07150000002,75791.50080234108,76257.07150000002,1405.3308335002007,1674.5756665000004,0.0016815248559172297,2024-11-09 17:30:00,2024-11-09 18:00:00,0 days 00:30:00,,76550.58978486528,76536.85446453113,22.510087050251794,21.34139744500579,125.2230747412381,129.6755083228028
11,12765,12767,78897.81,79926.0255,78305.4303502319,79926.0255,9563.308309500062,1747.0621905,0.011019211616900533,2024-11-10 21:15:00,2024-11-10 21:45:00,0 days 00:30:00,,81073.52074720805,81075.95861040303,26.797711090431807,24.429201549016874,416.28192604692254,413.0405382751518
10,12916,12926,86787.52,85670.22773279998,85670.22773279998,88521.98350000002,-12897.500149328276,1724.5774773279998,-0.014861007837680226,2024-11-12 11:00:00,2024-11-12 13:30:00,0 days 02:30:00,,90443.7651556352,89022.49455632083,24.04904614043841,35.26816701758746,764.5780701714439,758.2293619517592
9,13635,13672,91709.8,92904.84300000001,90928.27826017047,92904.84300000001,9093.855213000046,1661.5317870000001,0.011017670488868278,2024-11-19 22:45:00,2024-11-20 08:00:00,0 days 09:15:00,,94293.26042781827,92974.29062955349,26.960702833219287,21.68967995841276,503.8941722754261,254.64416976823202
9,13948,13993,98576.14,98210.82906312146,98210.82906312146,99561.9014,-5058.8811534749275,1771.0827215680931,-0.005702169976848955,2024-11-23 05:00:00,2024-11-23 16:15:00,0 days 11:15:00,,98801.23276430173,99001.19813790865,10.584117317331355,15.95934469309958,242.99272282957463,200.60814889123353
9,14048,14059,98264.44,97951.74503068479,97951.74503068479,99247.0844,-4580.200389113078,1765.945665276163,-0.0051789961286696695,2024-11-24 06:00:00,2024-11-24 08:45:00,0 days 02:45:00,,98529.7639290051,98467.62815840657,15.915573052224193,14.597475807947252,204.97736195703519,186.89914925351653
9,14178,14178,97244.0,96798.97276361045,96798.97276361045,98033.8385,-5751.631882378437,1746.386754872494,-0.006571821491846891,2024-11-25 14:30:00,2024-11-25 14:30:00,0 days 00:00:00,,98894.72268980421,98894.72268980421,22.485279267599868,22.485279267599868,340.86805109829413,340.86805109829413
9,14299,14319,91415.98,92780.55350000001,90544.07796955298,92780.55350000001,10623.392698500118,1657.7688014999999,0.012912151316433047,2024-11-26 20:45:00,2024-11-27 01:45:00,0 days 05:00:00,,94781.12837799471,92750.31920282739,23.66635815041439,13.428779362975101,603.7803045624354,434.20673806010035
9,14609,14623,96580.0,97109.146,96234.97056162763,97109.146,3019.11168599994,1743.202314,0.0034733573617725453,2024-11-30 02:15:00,2024-11-30 05:45:00,0 days 03:30:00,,97732.73928253092,96953.0448400754,22.49049915950901,22.77794927291026,225.8153666114638,185.72982243228176
9,14645,14658,96275.89,96710.8605,95994.10122874122,96710.8605,2177.8537454999623,1736.8807545,0.002513440794990312,2024-11-30 11:15:00,2024-11-30 14:30:00,0 days 03:15:00,,97146.13577093609,96825.85861453388,19.608222925360764,15.779969201592333,180.6387631602061,163.7592975555833
9,14749,14797,97027.99,97998.2699,96762.66915898428,97998.2699,6977.282760899947,1755.2363391,0.00799000000000001,2024-12-01 13:15:00,2024-12-02 01:15:00,0 days 12:00:00,,97209.39458717292,97911.6720290585,17.865319134666972,20.4419795048568,191.57266348592768,266.2488492696375
9,14810,14821,96458.01,95941.05352200677,95941.05352200677,97356.49,-6384.199873637096,1731.5915716980608,-0.0073540345847403765,2024-12-02 04:30:00,2024-12-02 07:15:00,0 days 02:45:00,,98330.56885745186,97701.47368126616,27.701532437856425,29.285754072358536,350.68901018628947,294.3169956063263
9,15495,15499,99440.09,98890.42684665768,98890.42684665768,100434.4,-6731.943031700805,1784.9746516199189,-0.007522053431256753,2024-12-09 07:45:00,2024-12-09 08:45:00,0 days 01:00:00,,99722.64672132916,99809.07760647757,25.142892612677517,22.51755877248109,366.18766635476845,399.2270064233282
9,15619,15621,98000.01,97383.0149224628,97383.0149224628,98980.0101,-7311.402922136947,1758.447224302165,-0.008289571628203516,2024-12-10 14:45:00,2024-12-10 15:15:00,0 days 00:30:00,,98095.22580463947,98171.78292860308,13.730105375894194,14.289776788617516,444.0650479992156,493.03807710136294
8,15833,15908,99832.01,101176.32850000002,99045.39695420009,101176.32850000002,9146.481292000184,1608.0667080000003,0.011452340401640913,2024-12-12 20:15:00,2024-12-13 15:00:00,0 days 18:45:00,,102864.13953644325,101012.67692503998,28.987780098582572,18.294734142024218,515.7795045428027,289.1930162199054
8,16188,16194,103656.02,104406.47950000002,103184.40582531285,104406.47950000002,4339.176004000094,1664.4999960000002,0.00523266280627036,2024-12-16 13:00:00,2024-12-16 14:30:00,0 days 01:30:00,,105158.61365458144,105106.15568945391,25.734158880433387,24.509300267966843,333.663774806335,374.5989789329898
8,16489,16494,100057.84,99214.69565128081,99214.69565128081,101659.2785,-8339.335074963737,1594.1802852102464,-0.010418142989799362,2024-12-19 16:15:00,2024-12-19 17:30:00,0 days 01:15:00,,103282.25241415905,103000.96459542816,29.696516638154687,31.132806387776576,573.0110253975976,610.2845617208421
9,16558,16560,95174.13,94260.76312515579,94260.76312515579,96906.9565,-9925.21591172433,1704.9140381264021,-0.011587200933377222,2024-12-20 09:30:00,2024-12-20 10:00:00,0 days 00:30:00,,98651.9735871147,98810.54694308777,25.304555549789885,28.849223956539465,606.7590177606996,631.2335408242772
9,16726,16730,97160.38,96623.2015100011,96623.2015100011,98131.9939,-6578.658643580107,1744.05223359001,-0.007523252497663132,2024-12-22 03:30:00,2024-12-22 04:30:00,0 days 01:00:00,,97494.12979948433,97531.81634456401,17.101007960068934,14.9902550461539,351.73596999931874,336.8421149820538
8,17029,17041,98207.66,99189.7366,97817.75978136325,99189.7366,6277.433627200003,1579.1791728,0.00799000000000001,2024-12-25 07:15:00,2024-12-25 10:15:00,0 days 03:00:00,,98377.5404372812,98638.57347310329,13.639325343653523,15.087647013154381,263.69394487037454,275.61247482208705
9,17256,17261,94573.75,93870.05659897669,93870.05659897669,96088.73350000002,-8029.234868600572,1695.9942593907904,-0.009433243448867031,2024-12-27 16:00:00,2024-12-27 17:15:00,0 days 01:15:00,,97729.32363847407,97340.73308415912,30.108992952589023,37.44719446081425,473.77258158585846,489.99976547115546
9,17295,17377,94477.17,95421.9518,94065.75395729957,95421.9518,6793.944103799973,1709.0920962,0.007990106797229422,2024-12-28 01:45:00,2024-12-28 22:15:00,0 days 20:30:00,,94725.56261114306,95242.93413218623,22.612288962830018,22.27194946730788,270.9180264335905,186.65280324143887
9,17526,17532,93880.98,93522.61689878408,93522.61689878408,94819.7898,-4911.900283032307,1686.6323720890568,-0.005813389443896975,2024-12-30 11:30:00,2024-12-30 13:00:00,0 days 01:30:00,,94071.88086077172,94158.91332134174,9.604256988142332,10.090313416016889,229.76811027651755,255.32946041637624
9,17770,17786,94928.71,95877.99710000001,94531.0940649397,95877.99710000001,6826.3235361000125,1717.2603639000001,0.00799000000000001,2025-01-02 00:30:00,2025-01-02 04:30:00,0 days 04:00:00,,95069.39984987282,95559.37936707634,28.986744402453724,28.222391712104685,277.76248360876286,296.3600134711001
8,18001,18015,97708.93,98058.2835,97483.48145631124,98058.2835,1228.690292000096,1566.137708,0.0015718756361369,2025-01-04 10:15:00,2025-01-04 13:45:00,0 days 03:30:00,,98425.27649109978,97974.0266935579,22.209985793269738,19.12828070319147,151.15838418827713,134.4763568525782
8,18093,18095,97904.21,97725.690737387,97725.690737387,98253.29750000002,-2993.1933068031044,1565.039205899096,-0.003821584009006195,2025-01-05 09:15:00,2025-01-05 09:45:00,0 days 00:30:00,,98665.20703351815,98669.18455601997,25.926743016548542,28.226764183224176,119.12573399851456,128.83463798851596
8,18096,18113,97652.21,97458.94804301723,97458.94804301723,98160.05900000001,-3106.9849202063797,1560.889264344138,-0.003977105229116649,2025-01-05 10:00:00,2025-01-05 14:15:00,0 days 04:15:00,,98667.52905206985,97944.04097527385,29.82910897399176,24.986144908828198,132.25216384647862,159.77376622875383
