Size,EntryBar,ExitBar,EntryPrice,ExitPrice,SL,TP,PnL,Commission,ReturnPct,EntryTime,ExitTime,Duration,Tag,"Entry_ta_wrapper(ema,C,20)","Exit_ta_wrapper(ema,C,20)","Entry_ta_wrapper(sma,V,20)","Exit_ta_wrapper(sma,V,20)"
17,448,554,55830.0,57992.4,54828.52,57992.4,34825.81920000003,1934.9808,0.03669313272434181,2024-07-05 14:00:00,2024-07-06 16:30:00,1 days 02:30:00,,55289.5348572702,57119.33752508842,1020.9616785,332.866183
18,723,723,57394.87,57309.68,57309.68,60994.76000000001,-3598.101900000042,2064.6819,-0.003482794716670722,2024-07-08 10:45:00,2024-07-08 10:45:00,0 days 00:00:00,,56816.06914904232,56816.06914904232,614.6300435,614.6300435
18,725,737,57201.11,56705.94,56705.94,60778.240000000005,-10963.386899999969,2050.3269,-0.010647993544181184,2024-07-08 11:15:00,2024-07-08 14:15:00,0 days 03:00:00,,56879.251162821485,56916.98381100413,625.7624405,568.3970095
17,896,904,58975.01,58820.44,58820.44,61285.38,-4630.212649999995,2002.52265,-0.004618319691679574,2024-07-10 06:00:00,2024-07-10 08:00:00,0 days 02:00:00,,58579.66064636351,58814.11710010523,328.437515,345.76726199999996
16,1371,1397,62468.0,62412.0,62412.0,64554.11,-2894.08,1998.08,-0.0028955625280143015,2024-07-15 04:45:00,2024-07-15 11:15:00,0 days 06:30:00,,62008.41585683289,62650.447618684026,476.8629090000001,291.635441
14,2020,2023,68012.01,67934.0,67934.0,70320.03000000001,-2995.3841399999264,1903.2441399999998,-0.0031458562980273353,2024-07-21 23:00:00,2024-07-21 23:45:00,0 days 00:45:00,,67743.1682819193,67825.61981488872,419.35813500000006,316.35705250000007
15,3077,3084,65099.99,64869.49,64869.49,67641.98999999999,-5407.0422,1949.5421999999999,-0.005537166441961035,2024-08-01 23:15:00,2024-08-02 01:00:00,0 days 01:45:00,,64556.640183998614,64834.10739135784,405.020892,370.115272
18,3432,3442,54321.08,53500.0,53500.0,57338.020000000004,-16720.21944000003,1940.7794400000002,-0.017100195356940687,2024-08-05 16:00:00,2024-08-05 18:30:00,0 days 02:30:00,,52993.16121655652,53825.32212043715,2233.4056400000004,1594.7006085000003
18,3462,3463,54544.0,54274.0,54274.0,56895.27,-6818.724,1958.7240000000002,-0.0069451818715166045,2024-08-05 23:30:00,2024-08-05 23:45:00,0 days 00:15:00,,54305.13936649888,54277.869903022794,581.5302575000001,551.8175495
17,3465,3569,54995.49,57109.36,53876.47,57109.36,34030.007550000046,1905.78245,0.03639871469460502,2024-08-06 00:15:00,2024-08-07 02:15:00,1 days 02:00:00,,54468.05699544496,56401.60127642587,560.314668,412.05021500000004
17,3671,3671,57370.0,57216.03,57216.03,59988.71,-4565.452510000019,1947.9625099999998,-0.0046811230608331655,2024-08-08 03:45:00,2024-08-08 03:45:00,0 days 00:00:00,,56560.21526022033,56560.21526022033,475.36151700000005,475.36151700000005
17,3672,3672,57049.74,57046.0,57046.0,59912.72,-2003.2075799999652,1939.6275799999999,-0.002065491271301125,2024-08-08 04:00:00,2024-08-08 04:00:00,0 days 00:00:00,,56620.33094972315,56620.33094972315,486.1914385,486.1914385
17,3673,3674,57191.43,56838.94,56838.94,60096.72,-7930.846289999965,1938.51629,-0.008157172674297521,2024-08-08 04:15:00,2024-08-08 04:30:00,0 days 00:15:00,,56656.317525939994,56673.674904421896,484.536862,483.263141
17,3675,3675,56836.85,56828.2,56828.2,60138.56,-2079.3558500000245,1932.30585,-0.002152037806458378,2024-08-08 04:45:00,2024-08-08 04:45:00,0 days 00:00:00,,56682.40491352457,56682.40491352457,484.96158,484.96158
17,3676,3742,56765.35,60184.21,56670.47,60184.21,56132.47748000001,1988.1425199999999,0.0581677104078457,2024-08-08 05:00:00,2024-08-08 21:30:00,0 days 16:30:00,,56692.798731284136,59521.985146478604,477.305568,301.6919755
17,3755,3755,61359.9,61257.6,61257.6,66075.76999999999,-3823.59750000005,2084.4975000000004,-0.003665545413209633,2024-08-09 00:45:00,2024-08-09 00:45:00,0 days 00:00:00,,60999.26611778008,60999.26611778008,665.5162155000002,665.5162155000002
17,3756,3756,61214.01,61086.95,61086.95,66055.73999999999,-4239.136320000084,2079.11632,-0.004073592956906569,2024-08-09 01:00:00,2024-08-09 01:00:00,0 days 00:00:00,,61012.57505894388,61012.57505894388,694.0235670000002,694.0235670000002
17,3757,3771,61139.0,60720.0,60720.0,65869.82,-9194.603,2071.603,-0.0088463828325619,2024-08-09 01:15:00,2024-08-09 04:45:00,0 days 03:30:00,,61034.40981523495,61132.68369413159,704.4769605000001,321.87123299999996
16,4210,4210,60975.2,60862.84,60862.84,63623.869999999995,-3747.1686400000094,1949.40864,-0.0038408736666710568,2024-08-13 18:30:00,2024-08-13 18:30:00,0 days 00:00:00,,60413.978829147745,60413.978829147745,524.3874370000001,524.3874370000001
16,4211,4211,60968.0,60841.59,60841.59,63550.229999999996,-3971.513440000056,1948.95344,-0.004071309375410095,2024-08-13 18:45:00,2024-08-13 18:45:00,0 days 00:00:00,,60450.305607324146,60450.305607324146,515.2004780000001,515.2004780000001
16,4212,4212,60795.4,60761.91,60761.91,63596.189999999995,-2480.7569599999674,1944.91696,-0.002550313181589345,2024-08-13 19:00:00,2024-08-13 19:00:00,0 days 00:00:00,,60462.83078757899,60462.83078757899,509.787659,509.787659
16,4213,4213,60581.82,60580.0,60580.0,63712.21,-1967.7091199999954,1938.58912,-0.002030011973889158,2024-08-13 19:15:00,2024-08-13 19:15:00,0 days 00:00:00,,60493.805950666705,60493.805950666705,524.4823200000001,524.4823200000001
16,4214,4286,60788.07,60243.77,60243.77,63638.95,-10645.309440000046,1936.5094399999998,-0.010945105511657184,2024-08-13 19:30:00,2024-08-14 13:30:00,0 days 18:00:00,,60516.88919346035,60972.18485297878,514.0929525,387.5733180000001
16,4819,4862,60412.26,60336.97,60336.97,62853.560000000005,-3136.627680000014,1931.9876800000002,-0.0032450239405048347,2024-08-20 02:45:00,2024-08-20 13:30:00,0 days 10:45:00,,60023.37579302101,60683.074084336724,383.40791950000005,210.81741250000005
16,4990,5003,61242.7,60902.13,60902.13,63895.07,-7403.437279999996,1954.31728,-0.007555428320436498,2024-08-21 21:30:00,2024-08-22 00:45:00,0 days 03:15:00,,60798.96990961513,61022.09520176973,506.647976,311.145162
15,5179,5411,63622.6,63482.35,63482.35,66105.27,-4010.32425,1906.5742500000001,-0.004202200947462039,2024-08-23 20:45:00,2024-08-26 06:45:00,2 days 10:00:00,,62974.33288604492,63975.945317557314,633.9391085,146.953536
17,6318,6356,57963.0,57383.37,57383.37,60149.42,-11814.598289999954,1960.8882899999999,-0.01199000000000001,2024-09-04 17:30:00,2024-09-05 03:00:00,0 days 09:30:00,,57600.74508503046,57881.25534578249,644.1546825000001,195.833456
17,6995,6995,57747.11,57457.94,57457.94,59784.0,-6874.37584999997,1958.48585,-0.007002515796894376,2024-09-11 18:45:00,2024-09-11 18:45:00,0 days 00:00:00,,57215.336113122736,57215.336113122736,559.7669245000001,559.7669245000001
17,6996,6996,57499.99,57377.5,57377.5,59834.66999999999,-4035.2473299999656,1952.91733,-0.004128130978805405,2024-09-11 19:00:00,2024-09-11 19:00:00,0 days 00:00:00,,57237.61648330152,57237.61648330152,528.5103720000001,528.5103720000001
16,6997,7004,57449.28,57325.38,57325.38,59832.12,-3818.794560000023,1836.39456,-0.0041545283074044545,2024-09-11 19:15:00,2024-09-11 21:00:00,0 days 01:45:00,,57270.03300870138,57387.62363687314,506.2897975,365.723106
16,7181,7396,59577.99,59312.01,59312.01,61746.82,-6157.919999999935,1902.24,-0.006459935959571632,2024-09-13 17:15:00,2024-09-15 23:00:00,2 days 05:45:00,,58941.00115297267,59599.38846124489,616.834351,229.52161750000005
15,7563,7564,61013.34,60725.11,60725.11,63559.01,-6149.526749999939,1826.0767500000002,-0.006719324823063181,2024-09-17 16:45:00,2024-09-17 17:00:00,0 days 00:15:00,,60283.56691817478,60336.36911644385,842.1436185,855.8822785000001
15,7565,7571,60838.0,60686.36,60686.36,63447.99,-4097.465399999992,1822.8654000000001,-0.004490028600545756,2024-09-17 17:15:00,2024-09-17 18:45:00,0 days 01:30:00,,60391.89015297301,60592.11446442448,849.717295,816.6380415000001
15,7675,7740,60181.82,63208.02,59473.68,63208.02,43542.152399999955,1850.8476,0.048234004222537555,2024-09-18 20:45:00,2024-09-19 13:00:00,0 days 16:15:00,,60080.792045346876,62573.67838129501,836.4256165000002,380.330469
15,10110,10110,63924.01,63888.0,63888.0,66380.0,-2457.3301500000307,1917.1801500000001,-0.002562761785438691,2024-10-14 05:30:00,2024-10-14 05:30:00,0 days 00:00:00,,63536.15522732674,63536.15522732674,427.5424525,427.5424525
15,10111,10179,63949.41,66479.82,63778.62,66479.82,35999.71155000005,1956.43845,0.03752936532174417,2024-10-14 05:45:00,2024-10-14 22:45:00,0 days 17:00:00,,63574.76330091467,65959.9425305133,426.834451,264.9106895
15,10250,11025,66619.46,65314.0,65314.0,70366.0,-21560.901900000095,1979.0019000000002,-0.021576179993053165,2024-10-15 16:30:00,2024-10-23 18:15:00,8 days 01:45:00,,66159.5878780718,66014.06137613968,1195.1992515,495.3508550000001
13,12315,12316,74637.99,73796.73,73796.73,80627.99,-12866.031360000121,1929.65136,-0.013259932642880801,2024-11-06 04:45:00,2024-11-06 05:00:00,0 days 00:15:00,,72867.49493736641,72972.68303856961,1772.6571723500003,1837.2013533500003
13,12317,12326,73971.97,73638.97,73638.97,79680.02,-6247.94222,1918.94222,-0.006497203467746005,2024-11-06 05:15:00,2024-11-06 07:30:00,0 days 02:15:00,,73105.81798727726,73866.13933485044,1851.3919338500002,1983.9952324000003
12,12707,12707,78739.69,78690.0,78690.0,82875.61000000002,-2485.436280000028,1889.1562800000002,-0.0026304356798966177,2024-11-10 06:45:00,2024-11-10 06:45:00,0 days 00:00:00,,78282.98070963072,78282.98070963072,876.13838035,876.13838035
12,12708,12764,78903.42,78612.0,78612.0,82702.62000000001,-5387.225039999979,1890.18504,-0.005689682652538996,2024-11-10 07:00:00,2024-11-10 21:00:00,0 days 14:00:00,,78352.93397538018,79713.42519255703,889.3037008500002,766.67783055
12,12783,12838,81294.37,84049.99,80366.02,84049.99,31083.307680000118,1984.1323200000002,0.031862915476188594,2024-11-11 01:45:00,2024-11-11 15:30:00,0 days 13:45:00,,80494.52868682925,82311.33113415254,654.2640991000001,895.8010277999999
12,12846,12861,84354.0,87443.6,83831.84,87443.6,35013.62880000007,2061.5712000000003,0.03458997083718631,2024-11-11 17:30:00,2024-11-11 21:15:00,0 days 03:45:00,,83494.99197171633,85891.04701390186,1177.5198147000003,1203.2232679
12,12867,12914,87045.68,86372.31,86372.31,92152.01,-10161.455879999943,2081.01588,-0.0097280874823425,2024-11-11 22:45:00,2024-11-12 10:30:00,0 days 11:45:00,,86611.38480478688,88228.96755773242,1280.0045584,1078.74176655
11,12956,12957,89472.01,88630.0,88630.0,93772.75000000001,-11221.232109999943,1959.12211,-0.011401465218004975,2024-11-12 21:00:00,2024-11-12 21:15:00,0 days 00:15:00,,88489.60756345683,88527.35827169903,853.518572,852.0220214999999
11,12958,12958,88886.0,88458.98,88458.98,92470.86000000002,-6648.014780000045,1950.79478,-0.006799327003127662,2024-11-12 21:30:00,2024-11-12 21:30:00,0 days 00:00:00,,88519.03843629913,88519.03843629913,817.883506,817.883506
11,12963,12965,88505.06,87612.0,87612.0,92787.81,-11760.947659999974,1937.28766,-0.012080406024243116,2024-11-12 22:45:00,2024-11-12 23:15:00,0 days 00:30:00,,88433.62940877854,88383.43432328582,719.2509875000001,689.5682615
10,13038,13044,92210.21,91467.9,91467.9,98571.62999999999,-9259.881100000122,1836.7811000000002,-0.010042142947077271,2024-11-13 17:30:00,2024-11-13 19:00:00,0 days 01:30:00,,91081.31401693734,91594.82960871073,1771.7618898500002,1711.15350385
10,13520,13522,91564.69,90904.25,90904.25,95404.0,-8429.089400000023,1824.6894000000002,-0.009205611245994564,2024-11-18 18:00:00,2024-11-18 18:30:00,0 days 00:30:00,,91285.4120115749,91186.43427704883,805.2602590000001,808.1705345000001
10,13763,13794,97366.44,96692.0,96692.0,100737.49,-8684.984400000023,1940.5844000000002,-0.0089198951918135,2024-11-21 06:45:00,2024-11-21 14:30:00,0 days 07:45:00,,96484.44571620885,97461.02783228303,911.8608301999999,849.7698459999999
10,15073,15092,97961.06,103003.01,97416.59,103003.01,48409.85929999997,2009.6407,0.04941745148531466,2024-12-04 22:15:00,2024-12-05 03:00:00,0 days 04:45:00,,97389.96054392733,99214.04202224348,809.819684,1336.8744481
10,15099,15102,102628.01,102383.8,102383.8,109588.68,-4492.218099999918,2050.1180999999997,-0.0043771852343233685,2024-12-05 04:45:00,2024-12-05 05:30:00,0 days 00:45:00,,101114.84917384454,101559.89877371771,1705.7796070999998,1755.5838811
10,15103,15103,102100.0,102084.39,102084.39,109879.99,-2197.9439000000057,2041.8439,-0.0021527364348678042,2024-12-05 05:45:00,2024-12-05 05:45:00,0 days 00:00:00,,101644.67127145888,101644.67127145888,1802.4238456000003,1802.4238456000003
10,15104,15105,102450.01,101706.35,101706.35,110212.02,-9478.163599999889,2041.5636,-0.009251500902732803,2024-12-05 06:00:00,2024-12-05 06:15:00,0 days 00:15:00,,101669.59781703421,101686.35135826905,1811.6970466000002,1820.9741911
9,15106,15109,101845.5,101421.59,101421.59,109688.43,-5644.593810000031,1829.40381,-0.006158122744745783,2024-12-05 06:30:00,2024-12-05 07:15:00,0 days 00:45:00,,101708.60456224342,101752.38103362784,1852.6415246000001,1914.3089056000003
9,16144,16145,105532.0,104979.39,104979.39,110281.62,-6868.092510000006,1894.6025100000002,-0.007231184759125234,2024-12-16 02:00:00,2024-12-16 02:15:00,0 days 00:15:00,,104565.35222758964,104569.61487258109,657.04560055,665.16001355
9,16146,16147,104610.11,104522.25,104522.25,110195.49,-2672.9312400000053,1882.19124,-0.002839040700750666,2024-12-16 02:30:00,2024-12-16 02:45:00,0 days 00:15:00,,104570.38393233527,104571.80641497001,670.2254250500001,686.6961980500001
9,16148,16151,104585.32,104446.28,104446.28,110332.13,-3132.6444000000733,1881.2844,-0.0033281114404967184,2024-12-16 03:00:00,2024-12-16 03:45:00,0 days 00:45:00,,104605.93723259191,104635.76903340331,690.5601710500002,707.81141905
9,16208,16212,107078.55,106376.0,106376.0,110351.5,-8244.040950000026,1921.0909500000002,-0.008554510217032298,2024-12-16 18:00:00,2024-12-16 19:00:00,0 days 01:00:00,,106176.13618041622,106469.79021995992,649.5736504,815.5595926999999
10,16588,16604,96728.0,96300.0,96300.0,102048.29,-6210.28,1930.28,-0.006420353982300892,2024-12-20 17:00:00,2024-12-20 21:00:00,0 days 04:00:00,,96193.8532376297,96710.25532295552,900.1985195000001,425.60721049999995
10,16908,16911,94550.23,94131.11,94131.11,98429.93,-6078.013399999953,1886.8134,-0.006428343326081771,2024-12-24 01:00:00,2024-12-24 01:45:00,0 days 00:45:00,,94382.73629870417,94348.66231862779,295.1695955,250.8935965
9,16978,16981,98457.43,98325.78,98325.78,102673.64,-2955.8988899999476,1771.04889,-0.0033357889800698028,2024-12-24 18:30:00,2024-12-24 19:15:00,0 days 00:45:00,,97846.92601553316,98006.6386416739,543.7439265,475.884635
10,17559,17565,94268.67,93939.29,93939.29,97484.18999999999,-5175.879600000047,1882.0796,-0.005490561816561133,2024-12-30 19:45:00,2024-12-30 21:15:00,0 days 01:30:00,,93648.04311609265,93956.10316593312,467.995979,350.71000200000003
9,18223,18294,101414.7,101250.0,101250.0,105802.88,-3306.2822999999735,1823.9823,-0.0036224008945448753,2025-01-06 17:45:00,2025-01-07 11:30:00,0 days 17:45:00,,101137.71065781018,101527.52613280076,572.336089,167.395553
