Size,EntryBar,ExitBar,EntryPrice,ExitPrice,SL,TP,PnL,Commission,ReturnPct,EntryTime,ExitTime,Duration,Tag,"Entry_ta_wrapper(ema,C,200)","Exit_ta_wrapper(ema,C,200)"
17,466,581,56466.98,58388.65920000001,54838.000799999994,58388.65920000001,30716.0005336001,1952.5458664000002,0.03199787842027333,2024-07-05 18:30:00,2024-07-06 23:15:00,1 days 04:45:00,,57385.529091331526,57200.39603791354
19,3392,3392,52717.99,51777.1683,51777.1683,56773.9717,-19861.020307700008,1985.4080076999999,-0.019828465734372646,2024-08-05 06:00:00,2024-08-05 06:00:00,0 days 00:00:00,,59298.53959730444,59298.53959730444
19,3412,3417,51384.0,50558.6664,50558.6664,54697.3336,-17618.249061599963,1936.9106616,-0.018046011723493675,2024-08-05 11:00:00,2024-08-05 12:15:00,0 days 01:15:00,,57983.25595653733,57634.75868361713
18,3445,3595,52753.42,57331.337400000004,52032.162599999996,57331.337400000004,80420.9875668001,1981.5256332,0.08469275816809602,2024-08-05 19:15:00,2024-08-07 08:45:00,1 days 13:30:00,,56602.18507099513,56273.80251715596
17,3764,3806,61235.51,60039.668699999995,60039.668699999995,64129.93130000001,-22390.980137900126,2061.6780379,-0.021509030931562534,2024-08-09 03:00:00,2024-08-09 13:30:00,0 days 10:30:00,,58120.03977235915,59030.920565773275
17,4095,4281,58810.46,61657.5951,57658.1049,61657.5951,46353.33976329999,2047.9569367000001,0.0463636408370211,2024-08-12 13:45:00,2024-08-14 12:15:00,1 days 22:30:00,,59602.06331708561,60211.439081586075
18,4512,4752,59023.97,57801.278699999995,57801.278699999995,61431.24130000001,-24111.297876600107,2102.8544766,-0.022694450215734505,2024-08-16 22:00:00,2024-08-19 10:00:00,2 days 12:00:00,,58681.23041589913,59131.07890009636
17,7574,7736,60419.99,63037.28,59144.58,63037.28,42395.15641000002,2098.77359,0.04127496098559435,2024-09-17 19:30:00,2024-09-19 12:00:00,1 days 16:30:00,,59145.80966831566,60744.161817969136
17,8094,8513,63763.79,66243.9622,62447.4378,66243.9622,39952.79561259989,2210.1317873999997,0.03685735192026696,2024-09-23 05:30:00,2024-09-27 14:15:00,4 days 08:45:00,,63140.403783501824,64714.647981144364
18,9007,9014,61475.99,60089.436,60089.436,63990.364,-27146.149667999936,2188.1776680000003,-0.024531844481072967,2024-10-02 17:45:00,2024-10-02 19:30:00,0 days 01:45:00,,62385.98659981522,62276.922891572096
17,10243,11509,65590.63,69877.48920000001,64786.5108,69877.48920000001,70573.64837360011,2302.9580264,0.06329244102092028,2024-10-15 14:45:00,2024-10-28 19:15:00,13 days 04:30:00,,64886.67558811892,68029.72706773633
16,11610,11776,71995.53,71010.621,71010.621,75329.379,-18046.642415999995,2288.098416,-0.0156664608344435,2024-10-29 20:30:00,2024-10-31 14:00:00,1 days 17:30:00,,70203.39799401286,71855.19954547305
16,11879,11892,69945.71,69042.6,69042.6,73453.84,-16673.57296000001,2223.81296,-0.014898673699930972,2024-11-01 15:45:00,2024-11-01 19:00:00,0 days 03:15:00,,70718.61830702815,70588.26193783179
15,12327,12689,73627.99,77354.7682,72039.1518,77354.7682,53636.93162700001,2264.7413730000003,0.048565707712515255,2024-11-06 07:45:00,2024-11-10 02:15:00,3 days 18:30:00,,70150.58025533578,76117.38433409928
13,12874,13031,87952.0,92359.6484,85067.5716,92359.6484,54955.37777080007,2344.0514292,0.04806413443241772,2024-11-12 00:30:00,2024-11-13 15:45:00,1 days 15:15:00,,81810.935158064,86759.36918753064
13,13046,13052,91162.47,88643.65950000001,88643.65950000001,96556.34049999999,-35082.0161834999,2337.4796835,-0.029602276347931302,2024-11-13 19:30:00,2024-11-13 21:00:00,0 days 01:30:00,,87508.01266982702,87657.90339821408
14,13148,13475,87612.67,92007.08739999999,86651.47260000001,92007.08739999999,59007.16699639988,2514.6766036,0.04810717037387386,2024-11-14 21:00:00,2024-11-18 06:45:00,3 days 09:45:00,,88974.18223589778,90365.61139806474
14,13524,13749,90356.8,95127.85290000001,88541.92709999999,95127.85290000001,64197.95545940014,2596.7851406,0.050749564472181485,2024-11-18 19:00:00,2024-11-21 03:15:00,2 days 08:15:00,,90659.50196511533,93023.49581090892
14,14290,14297,92395.98,91329.5097,91329.5097,96966.9903,-17502.741055800012,2572.1568558,-0.013530846143955635,2024-11-26 18:30:00,2024-11-26 20:15:00,0 days 01:45:00,,95014.663927937,94801.37183314895
14,14863,14943,95450.0,93818.34,93818.34,100012.84,-25492.99676000005,2649.75676,-0.019077300576217954,2024-12-02 17:45:00,2024-12-03 13:45:00,0 days 20:00:00,,96452.95755065263,95914.08494223938
12,16215,16345,106422.58,104073.75,104073.75,110798.25,-30711.91596000002,2525.9559600000002,-0.024048715319624814,2024-12-16 19:45:00,2024-12-18 04:15:00,1 days 08:30:00,,103886.13253135749,105711.36267965681
13,16526,16559,97061.95,94842.0,94842.0,100646.54000000001,-31354.10134999996,2494.7513499999995,-0.02484860390709233,2024-12-20 01:30:00,2024-12-20 09:45:00,0 days 08:15:00,,101359.36766047725,100090.5220126294
13,16836,16872,94824.83,93085.9083,93085.9083,98990.8917,-25048.82169790008,2442.8395978999997,-0.02031991450235137,2024-12-23 07:00:00,2024-12-23 16:00:00,0 days 09:00:00,,96388.79412947687,96059.24114788961
13,16912,16966,94123.43,97949.9883,92250.0117,97949.9883,47248.303462100055,2496.9544379,0.03861402927730122,2024-12-24 02:00:00,2024-12-24 15:30:00,0 days 13:30:00,,95371.27183302327,95133.24147344749
13,17567,17929,92666.66,98186.95319999999,90964.48680000001,98186.95319999999,69282.71462839982,2481.0969716,0.057511942124599966,2024-12-30 21:45:00,2025-01-03 16:15:00,3 days 18:30:00,,94029.18489917052,96175.33050024482
