Size,EntryBar,ExitBar,EntryPrice,ExitPrice,SL,TP,PnL,Commission,ReturnPct,EntryTime,ExitTime,Duration,Tag,"Entry_ta_wrapper(ema,C,200)","Exit_ta_wrapper(ema,C,200)","Entry_ta_adx_wr…(H,L,C,14)","Exit_ta_adx_wr…(H,L,C,14)","Entry_ta_wrapper(sma,V,20)","Exit_ta_wrapper(sma,V,20)"
17,876,888,57486.38,58296.0,57187.172,58296.0,11795.239540000044,1968.30046,0.012069600138328376,2024-07-10 01:00:00,2024-07-10 04:00:00,0 days 03:00:00,,57217.26508896154,57298.80579504104,21.04841993115505,24.36035875952086,154.95600100000001,240.3689215
17,923,923,57977.88,57749.91563999999,57749.91563999999,59470.0,-5842.766645880092,1967.37252588,-0.005927987633214737,2024-07-10 12:45:00,2024-07-10 12:45:00,0 days 00:00:00,,57725.051170606224,57725.051170606224,23.61173297977163,23.61173297977163,309.0723465,309.0723465
17,925,926,58214.86,57749.91563999999,57749.91563999999,59470.0,-9875.455305880147,1971.40118588,-0.009978708797719523,2024-07-10 13:15:00,2024-07-10 13:30:00,0 days 00:15:00,,57732.40513915936,57731.97364523738,26.158736554553112,28.278394158891697,320.0033585,355.262472
17,928,928,57760.0,57749.91563999999,57749.91563999999,59470.0,-2135.102685880136,1963.66856588,-0.002174416129501524,2024-07-10 14:00:00,2024-07-10 14:00:00,0 days 00:00:00,,57731.08224066349,57731.08224066349,32.2303266333646,32.2303266333646,392.339067,392.339067
17,962,962,57806.0,57708.38588,57708.38588,59091.81,-3623.1845999599723,1963.74455996,-0.0036869616628031525,2024-07-10 22:30:00,2024-07-10 22:30:00,0 days 00:00:00,,57694.22793781981,57694.22793781981,37.21283049545111,37.21283049545111,146.3169755,146.3169755
15,1471,1475,63710.0,63281.11196,63281.11196,64955.49,-8338.18727939997,1904.8666794,-0.008725147574321072,2024-07-16 05:45:00,2024-07-16 06:45:00,0 days 01:00:00,,62279.4836549893,62325.235976446405,33.59573300916732,34.82131517528808,354.21692,436.5557635
15,1476,1481,62899.64,62585.1418,62585.1418,64993.95,-6599.744727000027,1882.2717269999998,-0.006995000000000005,2024-07-16 07:00:00,2024-07-16 08:15:00,0 days 01:15:00,,62334.2189020539,62360.283798233206,36.17652844106435,41.83009323422102,471.96835699999997,577.6202165
14,1577,1608,65058.67,64525.78052,64525.78052,66128.63,-9274.635027279972,1814.1823072799998,-0.010182715547674104,2024-07-17 08:15:00,2024-07-17 16:00:00,0 days 07:45:00,,63931.45424296098,64210.26088955651,25.39070428559889,26.365042809962343,296.7722015,415.32943600000004
14,2061,2083,67246.0,66703.8082,66703.8082,68474.55,-9465.982514800007,1875.2973148,-0.010054748359753741,2024-07-22 09:15:00,2024-07-22 14:45:00,0 days 05:30:00,,67095.03979512185,67147.58657647943,33.214215076853925,19.64588524801984,194.37088250000005,273.39941250000004
13,2581,2582,68321.14,68122.67268,68122.67268,69399.99,-4353.84472483995,1773.76956484,-0.004902013237484007,2024-07-27 19:15:00,2024-07-27 19:30:00,0 days 00:15:00,,67550.29444467278,67554.29161437754,24.39350977396757,25.844660861065336,270.0848955,301.397511
14,2583,2584,67952.0,67612.24995,67612.24995,69399.99,-6654.400199300033,1897.8994993000001,-0.006994853719537392,2024-07-27 19:45:00,2024-07-27 20:00:00,0 days 00:15:00,,67561.17428488124,67562.7055855292,27.19215829908469,28.99596948658185,324.5059805,376.9354505
13,2585,2585,67715.08,67376.49465000001,67376.49465000001,69399.99,-6157.800020449921,1756.1904704500002,-0.006995146792265382,2024-07-27 20:15:00,2024-07-27 20:15:00,0 days 00:00:00,,67560.42980855877,67560.42980855877,31.711461835636833,31.711461835636833,497.34302550000007,497.34302550000007
13,2588,2600,67791.21,67452.2639,67452.2639,69399.99,-6164.464460700014,1758.1651607000003,-0.006994853372583283,2024-07-27 21:00:00,2024-07-28 00:00:00,0 days 03:00:00,,67568.74789056851,67665.16434380559,31.725639394724684,22.16453820488362,795.834205,874.4269260000001
13,2646,2705,67794.01,69182.94,67246.31976,69182.94,16275.3896500001,1780.7003499999998,0.018467015743721494,2024-07-28 11:30:00,2024-07-29 02:15:00,0 days 14:45:00,,67667.18398231213,67877.8737410948,24.469811597964817,30.36637751775965,109.22258500000001,197.066684
13,2753,2755,68712.04,68389.928,68389.928,69888.0,-5969.781583999918,1782.325584,-0.006683165977898363,2024-07-29 14:15:00,2024-07-29 14:45:00,0 days 00:30:00,,68502.42211131695,68503.21442563954,25.20081661732093,27.874492766924494,466.8342215,523.0574925
15,3809,3809,60806.14,60621.35496,60621.35496,62381.9,-4593.188024400037,1821.4124244,-0.005035881819829425,2024-08-09 14:15:00,2024-08-09 14:15:00,0 days 00:00:00,,59075.18757514528,59075.18757514528,25.544452290222257,25.544452290222257,413.31673700000005,413.31673700000005
15,4866,4866,60016.0,59737.0764,59737.0764,61400.0,-5980.150146000029,1796.2961460000001,-0.0066428398493735665,2024-08-20 14:30:00,2024-08-20 14:30:00,0 days 00:00:00,,59737.430243096875,59737.430243096875,26.9704746653859,26.9704746653859,367.3839205,367.3839205
15,5012,5152,60186.49,61820.93,59456.06972,61820.93,22686.488700000034,1830.1113,0.025129104222558943,2024-08-22 03:00:00,2024-08-23 14:00:00,1 days 11:00:00,,59971.98193903256,60605.8558328562,26.30106809206617,24.43128112508253,250.0751725,299.611831
14,5240,5254,63905.0,63875.59216,63875.59216,64955.0,-2200.638050239998,1788.92829024,-0.0024597203999686475,2024-08-24 12:00:00,2024-08-24 15:30:00,0 days 03:30:00,,62444.457849204504,62663.99595725443,30.371685931776344,24.807986409635557,154.97940300000002,150.804833
16,6187,6206,58788.01,58622.55928,58622.55928,59809.65,-4525.780628480012,1878.56910848,-0.004811547274350708,2024-09-03 08:45:00,2024-09-03 13:30:00,0 days 04:45:00,,58653.514739034705,58719.97124856277,22.978638595464172,18.376518243308652,182.175866,194.677331
16,6927,6927,57108.01,56816.8882,56816.8882,58044.36,-6480.747171200013,1822.7983712,-0.007092642489205997,2024-09-11 01:45:00,2024-09-11 01:45:00,0 days 00:00:00,,56576.655914263654,56576.655914263654,23.997251786435577,23.997251786435577,206.02130250000002,206.02130250000002
16,6928,6937,56717.99,56434.40005,56434.40005,58044.36,-6347.877440800023,1810.4382408000001,-0.006995000000000005,2024-09-11 02:00:00,2024-09-11 04:15:00,0 days 02:15:00,,56580.49854198242,56600.673565716876,25.08358598510639,33.59504770395124,216.54547950000003,302.81471999999997
16,6952,6954,56712.01,56496.64944,56496.64944,58044.36,-5257.107511040016,1811.33855104,-0.005793644405126863,2024-09-11 08:00:00,2024-09-11 08:30:00,0 days 00:30:00,,56580.329740896304,56577.96111505247,33.94168501315361,32.03324678078956,255.891482,255.26984650000003
16,7071,7071,57708.0,57515.54232,57515.54232,58470.01,-4922.899557119992,1843.57667712,-0.005331690966936966,2024-09-12 13:45:00,2024-09-12 13:45:00,0 days 00:00:00,,57316.44470322156,57316.44470322156,22.038562782125773,22.038562782125773,322.9066405,322.9066405
16,7072,7074,57628.0,58470.01,57547.41416,58470.01,11614.591840000032,1857.56816,0.012596515409176126,2024-09-12 14:00:00,2024-09-12 14:30:00,0 days 00:30:00,,57322.984457418366,57338.97248875585,21.280192978476,21.0544095050595,341.127814,424.31258699999995
15,7664,7664,60013.02,60769.0,59606.529559999995,60769.0,9527.969700000049,1811.7303,0.010584336199044957,2024-09-18 18:00:00,2024-09-18 18:00:00,0 days 00:00:00,,59663.296143196785,59663.296143196785,26.700873219797376,26.700873219797376,523.5266195,523.5266195
15,7779,7800,62894.0,63850.0,62288.39128,63850.0,12438.84,1901.1599999999999,0.01318497789932264,2024-09-19 22:45:00,2024-09-20 04:00:00,0 days 05:15:00,,61604.15848609871,61882.48793202172,23.87329143904853,22.65416321397938,227.40538800000002,257.29754
15,7841,8084,62616.91,64133.32,62303.825450000004,64133.32,20844.896549999943,1901.2534500000002,0.022193042901669735,2024-09-20 14:15:00,2024-09-23 03:00:00,2 days 12:45:00,,62405.124842843274,63041.81642863542,22.58802836826341,15.115609523904748,310.58749750000004,408.32166
15,8123,8170,63297.87,62845.0718,62845.0718,64745.88,-8684.11712700007,1892.144127,-0.009146297368300103,2024-09-23 12:45:00,2024-09-24 00:30:00,0 days 11:45:00,,63235.9748708111,63276.65537765723,23.2501954637327,26.962930755335446,194.471711,151.473477
15,8291,8304,63967.01,63440.93388,63440.93388,64817.99,-9802.260958200077,1911.1191582000001,-0.010215954503423016,2024-09-25 06:45:00,2024-09-25 10:00:00,0 days 03:15:00,,63675.05178918804,63688.21389031822,22.650874414556426,32.44753781162946,144.60393150000002,185.83823049999998
15,8320,8320,63761.33,63695.39916,63695.39916,64817.99,-2900.8135374000135,1911.8509374,-0.0030329914567341,2024-09-25 14:00:00,2024-09-25 14:00:00,0 days 00:00:00,,63685.94363462415,63685.94363462415,36.05824420501588,36.05824420501588,208.30375850000001,208.30375850000001
15,9458,9473,62983.08,63970.19,62642.31076,63970.19,12902.35095000001,1904.29905,0.013656949294953485,2024-10-07 10:30:00,2024-10-07 14:15:00,0 days 03:45:00,,62625.25985731153,62702.69233398939,22.348957375841337,29.660042245393612,196.82785950000002,404.9876975000001
14,10199,10239,65518.15,66500.0,65035.80576,66500.0,11897.64589999998,1848.2541,0.01297093782409906,2024-10-15 03:45:00,2024-10-15 13:45:00,0 days 10:00:00,,64396.011074491194,64830.14895241339,21.764201187584515,22.242503289150115,226.069092,468.4119875
14,12280,12298,68995.99,70577.91,68764.69364,70577.91,20192.845399999977,1954.0346,0.020904781567740467,2024-11-05 20:00:00,2024-11-06 00:30:00,0 days 04:30:00,,68866.50767618812,68991.74829002202,37.73938667439201,25.710435214978027,579.8921685,533.4105935
12,12763,12763,79216.0,79073.652,79073.652,80875.0,-3607.6518239999778,1899.475824,-0.003795163249848537,2024-11-10 20:45:00,2024-11-10 20:45:00,0 days 00:00:00,,77844.78666600911,77844.78666600911,25.892001402542817,25.892001402542817,741.62997105,741.62997105
11,12916,12923,86787.52,86353.57244999999,86353.57244999999,89940.0,-6677.975066950128,1904.55201695,-0.006995114533172643,2024-11-12 11:00:00,2024-11-12 12:45:00,0 days 01:45:00,,84056.03048280037,84262.2046921631,24.04904614043841,30.49538158897431,1336.81836105,1303.0483410000002
11,12984,13026,87136.0,89876.94,86052.20775999999,89876.94,28203.197660000027,1947.14234,0.02942442916819678,2024-11-13 04:00:00,2024-11-13 14:30:00,0 days 10:30:00,,85892.03256910475,86500.69729666466,20.90978985065377,30.537456879347577,615.4412924999999,873.47380275
11,13507,13507,90591.28,90165.09616000002,90165.09616000002,92300.0,-6676.342377759816,1988.3201377600003,-0.0066997642174829695,2024-11-18 14:45:00,2024-11-18 14:45:00,0 days 00:00:00,,90542.40492610478,90542.40492610478,35.55371979686675,35.55371979686675,577.7192689999999,577.7192689999999
11,13653,13653,91664.81,91573.46084,91573.46084,93905.51,-3020.4617392399773,2015.62097924,-0.002995559919231803,2024-11-20 03:15:00,2024-11-20 03:15:00,0 days 00:00:00,,91615.16369817911,91615.16369817911,28.769316466226357,28.769316466226357,281.0662775,281.0662775
10,13799,13810,96234.52,98384.86,94926.35144,98384.86,19557.206199999964,1946.1938,0.020322443755109974,2024-11-21 15:45:00,2024-11-21 18:30:00,0 days 02:45:00,,94686.64925902581,94987.7507896416,24.22366780837566,18.303030085188976,1038.954556,967.9938044999999
10,14423,14551,95210.95,97208.21,93910.38200000001,97208.21,18048.408400000095,1924.1916,0.018956231819974682,2024-11-28 03:45:00,2024-11-29 11:45:00,1 days 08:00:00,,94766.84450128868,95524.16047486539,22.95939351396503,28.783842607383153,402.9740785000001,267.54278300000004
10,14625,14625,96865.97,96781.11856,96781.11856,98619.99,-2784.985285599985,1936.4708856,-0.002875091516246581,2024-11-30 06:15:00,2024-11-30 06:15:00,0 days 00:00:00,,96349.33758416736,96349.33758416736,21.440697802029494,21.440697802029494,198.7416565,198.7416565
10,14626,14626,96862.77,96744.40060000001,96744.40060000001,98440.0,-3119.7657059999597,1936.0717060000002,-0.0032208099210873408,2024-11-30 06:30:00,2024-11-30 06:30:00,0 days 00:00:00,,96355.30725994679,96355.30725994679,20.33601166618591,20.33601166618591,197.73494750000003,197.73494750000003
10,15147,15159,101176.46,99279.82568,99279.82568,104088.0,-20970.90605680012,2004.5628568000002,-0.020727060481064544,2024-12-05 16:45:00,2024-12-05 19:45:00,0 days 03:00:00,,99124.34210715049,99290.14031635885,29.190661217735393,36.96470653832126,987.98336,1142.3769455000001
10,15270,15492,99404.25,98407.15292,98407.15292,101898.99,-11949.084829200068,1978.1140292,-0.01202069813835933,2024-12-06 23:30:00,2024-12-09 07:00:00,2 days 07:30:00,,99150.83707113791,99625.2713903871,28.857057380635474,25.391945091715712,352.56948600000004,301.750393
10,15523,15525,99613.75,98642.21996,98642.21996,101351.0,-11697.860099599979,1982.5596996000002,-0.011743218280207229,2024-12-09 14:45:00,2024-12-09 15:15:00,0 days 00:30:00,,99415.98802916086,99404.6430871216,23.09505504160493,23.128035753541585,409.8824605,493.37432050000007
9,15830,15830,99932.01,99432.34994999999,99432.34994999999,102540.0,-6291.219689550053,1794.27923955,-0.006995000000000005,2024-12-12 19:30:00,2024-12-12 19:30:00,0 days 00:00:00,,99904.58631020338,99904.58631020338,22.470663204506288,22.470663204506288,506.1878480000001,506.1878480000001
9,16185,16187,104060.45,103442.906,103442.906,106648.0,-7425.42620399995,1867.5302040000001,-0.007928539190441605,2024-12-16 12:15:00,2024-12-16 12:45:00,0 days 00:30:00,,103143.78976222874,103153.50445073195,21.95936073292296,25.624883516678683,255.644299,276.409446
9,16189,16200,104039.67,106648.0,103715.43252,106648.0,21578.780970000014,1896.18903,0.023045462658618596,2024-12-16 13:15:00,2024-12-16 16:00:00,0 days 02:45:00,,103171.29374058652,103403.15985631994,25.555444045034445,32.71184371515527,299.7880615,573.630308
9,16333,16334,106290.45,106103.7826,106103.7826,108353.0,-3591.5546933999203,1911.5480934,-0.0037544448499370717,2024-12-18 01:15:00,2024-12-18 01:30:00,0 days 00:15:00,,105797.562733096,105799.6364372443,24.718068783523243,24.59927996932807,240.40713100000002,242.9988145
10,17676,17679,94401.13,93813.91364,93813.91364,96250.0,-7754.314036400058,1882.1504364000002,-0.008214217389558852,2025-01-01 01:00:00,2025-01-01 01:45:00,0 days 00:45:00,,93923.95675486427,93919.84551430943,32.54101794492216,27.552946409791996,132.31014600000003,116.608224
