Size,EntryBar,ExitBar,EntryPrice,ExitPrice,SL,TP,PnL,Commission,ReturnPct,EntryTime,ExitTime,Duration,Tag,"Entry_ta_wrapper(sma,V,20)","Exit_ta_wrapper(sma,V,20)","Entry_ta_adx_wr…(H,L,C,14)","Exit_ta_adx_wr…(H,L,C,14)"
15,64,71,62685.27,63099.757999999994,62478.026,63099.757999999994,4330.544579999963,1886.77542,0.0046055950943498115,2024-07-01 14:00:00,2024-07-01 15:45:00,0 days 01:45:00,,231.754917,276.2236165,19.098365605167825,21.268777973895666
16,134,134,62682.25,62601.16,62601.16,62844.42999999999,-3301.974559999944,2004.53456,-0.0032923739974234497,2024-07-02 07:30:00,2024-07-02 07:30:00,0 days 00:00:00,,145.77642749999998,145.77642749999998,21.558168690199892,21.558168690199892
16,205,207,62042.02,61860.657999999996,61860.657999999996,62404.744,-4884.2348480000155,1982.442848,-0.004920289152416432,2024-07-03 01:15:00,2024-07-03 01:45:00,0 days 00:30:00,,96.48551850000003,146.4956065,19.847472600902236,22.613117829776723
16,303,303,59609.67,59203.2,59203.2,60422.61,-8404.525920000018,1901.00592,-0.008812041234249394,2024-07-04 01:45:00,2024-07-04 01:45:00,0 days 00:00:00,,457.0367325000001,457.0367325000001,28.263370494478767,28.263370494478767
17,509,543,56311.11,56907.729999999996,56012.8,56907.729999999996,8217.819719999921,1924.72028,0.008584472229369927,2024-07-06 05:15:00,2024-07-06 13:45:00,0 days 08:30:00,,244.99407100000002,199.11616949999998,9.722766840092149,23.785950441021768
17,671,672,56371.11,56699.729999999996,56206.8,56699.729999999996,3664.335719999921,1922.20428,0.0038237522731057808,2024-07-07 21:45:00,2024-07-07 22:00:00,0 days 00:15:00,,160.297373,170.8498985,19.64169816036897,19.814196235391627
17,677,678,56422.78,56171.276000000005,56171.276000000005,56925.787999999986,-6189.66695199989,1914.098952,-0.006453032906212644,2024-07-07 23:15:00,2024-07-07 23:30:00,0 days 00:15:00,,178.50865900000002,191.38321500000004,23.759332521365536,25.598023631124118
17,739,888,56097.99,58983.508,54655.246,58983.508,47097.42053400006,1956.3854660000002,0.04938566429920216,2024-07-08 14:45:00,2024-07-10 04:00:00,1 days 13:15:00,,718.1905365,240.3689215,26.857895601382072,24.36035875952086
18,982,991,57379.49,58081.58599999999,57028.442,58081.58599999999,10559.428631999828,2078.299368,0.010223773756092843,2024-07-11 03:30:00,2024-07-11 05:45:00,0 days 02:15:00,,219.35627800000003,271.52768149999997,22.830843000093438,15.754210262117882
16,1642,1645,64131.99,64577.232,63909.384,64577.232,5064.52444800009,2059.347552,0.004935645658274532,2024-07-18 00:30:00,2024-07-18 01:15:00,0 days 00:45:00,,186.33403150000004,189.9114265,17.984851757610087,15.29989739902288
16,1700,1700,63995.4,63654.294,63654.294,64677.612,-7500.091103999996,2042.3951040000002,-0.007324834191207542,2024-07-18 15:00:00,2024-07-18 15:00:00,0 days 00:00:00,,316.95904300000007,316.95904300000007,22.219830467108864,22.219830467108864
16,1702,1703,63754.51,63494.178,63494.178,64275.174000000006,-6201.291008000035,2035.979008,-0.006079266988327581,2024-07-18 15:30:00,2024-07-18 15:45:00,0 days 00:15:00,,365.73528250000004,382.989662,26.06249620224524,27.978630087555167
15,1886,1900,66557.76,67184.78200000002,66244.264,67184.78200000002,7399.191870000394,2006.1381300000003,0.0074112989679944175,2024-07-20 13:30:00,2024-07-20 17:00:00,0 days 03:30:00,,86.47790050000002,137.77058000000002,11.035737922752961,21.08357045937002
15,1955,1956,66787.18,66601.30799999999,66601.30799999999,67158.95400000003,-4788.907320000046,2000.8273199999999,-0.00478026603309202,2024-07-21 06:45:00,2024-07-21 07:00:00,0 days 00:15:00,,102.99735350000002,106.18225500000001,25.217347441287117,27.761298181525902
15,2000,2000,66648.01,66458.26000000001,66458.26000000001,67027.50999999997,-4842.844049999781,1996.5940500000002,-0.004844199699285613,2024-07-21 18:00:00,2024-07-21 18:00:00,0 days 00:00:00,,389.63418900000005,389.63418900000005,20.98641438229808,20.98641438229808
15,2048,2049,67626.01,67505.2,67505.2,67867.62999999999,-3839.1181499999648,2026.96815,-0.0037846563770359935,2024-07-22 06:00:00,2024-07-22 06:15:00,0 days 00:15:00,,152.95547800000003,149.04526450000003,17.646503870442746,18.629659175010474
15,2082,2082,67003.54,66847.98,66847.98,67314.65999999999,-4341.172799999965,2007.7727999999997,-0.004319346709143936,2024-07-22 14:30:00,2024-07-22 14:30:00,0 days 00:00:00,,257.65654,257.65654,19.31954763806926,19.31954763806926
15,2083,2083,66918.18,66733.2,66733.2,67288.13999999998,-4779.470699999939,2004.7707,-0.004761506962681844,2024-07-22 14:45:00,2024-07-22 14:45:00,0 days 00:00:00,,273.39941250000004,273.39941250000004,19.64588524801984,19.64588524801984
15,2085,2094,66817.99,67356.744,66548.628,67356.744,6068.6889900000115,2012.6210100000003,0.00605494517269969,2024-07-22 15:15:00,2024-07-22 17:30:00,0 days 02:15:00,,290.08171350000003,312.93486700000005,20.257536524652306,14.276575513121601
15,2281,2290,66240.0,65937.006,65937.006,66846.018,-6527.565090000091,1982.6550899999997,-0.006569610597826127,2024-07-24 16:15:00,2024-07-24 18:30:00,0 days 02:15:00,,366.24525650000004,390.1012860000001,23.34674581605475,17.620979757453522
15,2581,2582,68321.14,68059.984,68059.984,68843.48199999999,-5963.056860000041,2045.71686,-0.005818654723852722,2024-07-27 19:15:00,2024-07-27 19:30:00,0 days 00:15:00,,270.0848955,301.397511,24.39350977396757,25.844660861065336
15,2906,2906,65818.36,65751.408,65751.408,65952.23400000003,-2977.8265200000715,1973.5465199999999,-0.003016206541761404,2024-07-31 04:30:00,2024-07-31 04:30:00,0 days 00:00:00,,120.41786550000002,120.41786550000002,19.377639922708976,19.377639922708976
15,2908,2912,65804.0,66461.592,65475.204,66461.592,7879.896120000063,1983.9838800000002,0.007983198711324666,2024-07-31 05:00:00,2024-07-31 06:00:00,0 days 01:00:00,,129.97098950000003,175.85787900000003,23.22558974718224,23.706110416491004
15,2967,2967,65706.0,65589.404,65589.404,65939.222,-3718.371060000075,1969.43106,-0.0037727361884760495,2024-07-31 19:45:00,2024-07-31 19:45:00,0 days 00:00:00,,353.6625665,353.6625665,17.703346647595442,17.703346647595442
15,3043,3043,64270.01,64062.812000000005,64062.812000000005,64684.37599999999,-5032.96232999995,1924.99233,-0.005220643687467885,2024-08-01 14:45:00,2024-08-01 14:45:00,0 days 00:00:00,,219.0570995,219.0570995,19.51636976131028,19.51636976131028
16,3142,3161,62856.0,62399.48,62399.48,63769.00999999999,-9308.40767999995,2004.08768,-0.009255687285223295,2024-08-02 15:30:00,2024-08-02 20:15:00,0 days 04:45:00,,750.5593670000001,408.8723925,24.068529126077532,37.70019058537961
16,3304,3304,60374.0,60248.0,60248.0,60625.969999999994,-3945.952,1929.9520000000002,-0.004084904097790451,2024-08-04 08:00:00,2024-08-04 08:00:00,0 days 00:00:00,,136.82984150000001,136.82984150000001,17.86924819663229,17.86924819663229
18,3500,3517,54992.01,54553.576,54553.576,55868.848,-9863.63254800002,1971.8205480000001,-0.009964712801005058,2024-08-06 09:00:00,2024-08-06 13:15:00,0 days 04:15:00,,587.7807730000001,555.1199435000001,16.33396268230646,13.984049592720687
18,3518,3531,55152.01,56803.378000000004,54326.326,56803.378000000004,27709.427016000038,2015.1969840000002,0.027912176038552287,2024-08-06 13:30:00,2024-08-06 16:45:00,0 days 03:15:00,,561.701315,838.1389545000003,14.155439143439061,20.51608227070823
18,3562,3567,55948.0,56765.91800000001,55539.056,56765.91800000001,12693.673476000224,2028.8505240000002,0.012604634339029329,2024-08-07 00:30:00,2024-08-07 01:45:00,0 days 01:15:00,,376.5146874999999,387.77838950000006,18.991082490831495,17.391677521347937
18,3712,3714,57266.73,58511.598000000005,56644.296,58511.598000000005,20323.61409600004,2084.0099040000005,0.019716328695562047,2024-08-08 14:00:00,2024-08-08 14:30:00,0 days 00:30:00,,509.183389,581.324235,22.15354644421861,22.589118928977527
17,3794,3806,60654.99,60086.46600000001,60086.46600000001,61792.03799999998,-11717.512751999835,2052.604752,-0.011363705706653144,2024-08-09 10:30:00,2024-08-09 13:30:00,0 days 03:00:00,,295.49710350000004,322.075932,16.822627150682614,28.159900397242197
17,4070,4087,58340.99,59894.89600000001,57564.051999999996,59894.89600000001,24406.391938000168,2010.010062,0.02460825765898053,2024-08-12 07:30:00,2024-08-12 11:45:00,0 days 04:15:00,,262.6505575,457.53200000000004,20.1264071746634,22.435090730284422
18,4174,4177,58992.51,58674.854,58674.854,59627.82200000001,-7835.820552000048,2118.012552,-0.007379298897436385,2024-08-13 09:30:00,2024-08-13 10:15:00,0 days 00:45:00,,189.96631149999996,213.0423465,17.960389608028766,20.938680078390327
18,4178,4192,58714.01,59479.41800000001,58331.306,59479.41800000001,11649.862296000187,2127.481704,0.011023170994452672,2024-08-13 10:30:00,2024-08-13 14:00:00,0 days 03:30:00,,220.38075200000003,288.3379385,22.804327645456407,21.58523852656856
18,4474,4474,58122.56,58002.898,58002.898,58361.85400000001,-4244.174243999939,2090.2582439999996,-0.0040567287125686455,2024-08-16 12:30:00,2024-08-16 12:30:00,0 days 00:00:00,,211.66065600000002,211.66065600000002,18.28272933160274,18.28272933160274
17,4606,4606,59257.47,59176.062,59176.062,59420.28600000001,-3397.3060440000527,2013.370044,-0.0033724276787382656,2024-08-17 21:30:00,2024-08-17 21:30:00,0 days 00:00:00,,68.15163249999999,68.15163249999999,20.384427935768457,20.384427935768457
17,4607,4618,59285.98,59660.73600000001,59098.602,59660.73600000001,4348.757828000144,2022.0941720000003,0.004314836053987992,2024-08-17 21:45:00,2024-08-18 00:30:00,0 days 02:45:00,,63.689192,61.505041000000006,20.926478506573286,18.53038764592467
17,4704,4708,59439.33,59297.94,59297.94,59722.11,-4422.16358999999,2018.53359,-0.004376349295996484,2024-08-18 22:00:00,2024-08-18 23:00:00,0 days 01:00:00,,95.273578,91.81804000000001,22.615662689743726,28.425764730931345
17,4865,4865,60388.01,60077.634,60077.634,61008.76200000001,-7324.307948000065,2047.9159479999998,-0.007134556081579821,2024-08-20 14:15:00,2024-08-20 14:15:00,0 days 00:00:00,,316.211645,316.211645,25.71432119178005,25.71432119178005
17,5056,5059,60816.0,60355.842,60355.842,61736.286,-9882.607314000052,2059.921314,-0.009558830603788527,2024-08-22 14:00:00,2024-08-22 14:45:00,0 days 00:45:00,,325.8703735,356.3150695,26.09566463660294,30.22421437441768
16,5279,5279,63955.99,63731.6,63731.6,64404.77,-5633.241439999991,2043.00144,-0.005504997889955234,2024-08-24 21:45:00,2024-08-24 21:45:00,0 days 00:00:00,,156.60277049999996,156.60277049999996,19.098982101913414,19.098982101913414
16,5318,5318,63967.0,63815.45,63815.45,64270.100000000006,-4469.319200000046,2044.5192,-0.004366821173417578,2024-08-25 07:30:00,2024-08-25 07:30:00,0 days 00:00:00,,107.14383199999999,107.14383199999999,16.789379114117708,16.789379114117708
16,5326,5326,63807.92,63784.104,63784.104,63855.582,-2422.5283839999825,2041.4723840000001,-0.002372871956960812,2024-08-25 09:30:00,2024-08-25 09:30:00,0 days 00:00:00,,111.78271500000002,111.78271500000002,23.11140901319122,23.11140901319122
16,5327,5341,63874.0,64079.90400000001,63771.047999999995,64079.90400000001,1247.2015360001524,2047.2624640000004,0.0012203728590665375,2024-08-25 09:45:00,2024-08-25 13:15:00,0 days 03:30:00,,111.93104200000003,105.39543400000001,24.277616747340723,22.079622525745624
17,5824,5826,59653.0,58899.2,58899.2,61160.600000000006,-14829.98740000005,2015.3874,-0.014623777513285164,2024-08-30 14:00:00,2024-08-30 14:30:00,0 days 00:30:00,,299.6678375,343.790341,20.29483870137316,21.02226091137604
17,5829,5830,58596.99,58001.738,58001.738,59787.494,-12101.462376000007,1982.1783759999998,-0.012148247341715055,2024-08-30 15:15:00,2024-08-30 15:30:00,0 days 00:15:00,,482.3184705,545.8085460000001,26.736503351389672,28.762331291598294
17,5894,5894,59072.76,59068.492,59068.492,59081.325999999994,-2080.9572840000624,2008.401284,-0.0020721776331426513,2024-08-31 07:30:00,2024-08-31 07:30:00,0 days 00:00:00,,69.64020800000002,69.64020800000002,14.537148273379447,14.537148273379447
16,5895,5899,59146.11,59037.982,59037.982,59362.365999999995,-3620.993471999952,1890.945472,-0.003826322508783752,2024-08-31 07:45:00,2024-08-31 08:45:00,0 days 01:00:00,,71.708574,77.26658,14.722399293505108,17.442529468790898
17,6016,6016,58175.0,57691.778,57691.778,59141.47400000001,-10184.509226000027,1969.735226,-0.010298045174043896,2024-09-01 14:00:00,2024-09-01 14:00:00,0 days 00:00:00,,251.4394365,251.4394365,24.57925776332088,24.57925776332088
17,6051,6051,57545.0,57248.358,57248.358,58138.284,-6994.401085999997,1951.487086,-0.0071498020331914654,2024-09-01 22:45:00,2024-09-01 22:45:00,0 days 00:00:00,,209.807862,209.807862,21.209401273729245,21.209401273729245
17,6052,6052,57309.0,57226.18,57226.18,57474.670000000006,-3355.0380599999953,1947.0980600000003,-0.003443703083285352,2024-09-01 23:00:00,2024-09-01 23:00:00,0 days 00:00:00,,230.409738,230.409738,21.728738709558073,21.728738709558073
17,6053,6053,57291.11,57217.6,57217.6,57438.1,-3196.318070000035,1946.6480700000002,-0.0032818130072885536,2024-09-01 23:15:00,2024-09-01 23:15:00,0 days 00:00:00,,224.9316155,224.9316155,22.25362359055076,22.25362359055076
17,6054,6059,57374.01,57202.0,57202.0,57718.030000000006,-4871.962170000035,1947.7921700000002,-0.004995049326341403,2024-09-01 23:30:00,2024-09-02 00:45:00,0 days 01:15:00,,222.31574949999998,258.93142150000006,22.583517460879936,21.839766822080655
16,6060,6090,57467.25,58176.52,57112.6,58176.52,9498.019679999948,1850.3003199999998,0.010329817939783098,2024-09-02 01:00:00,2024-09-02 08:30:00,0 days 07:30:00,,262.1919345,223.6766405,21.728048073928207,14.4439587608912
17,6305,6307,56570.0,57358.134,56175.918,57358.134,11461.49972199997,1936.778278,0.011918081421248072,2024-09-04 14:15:00,2024-09-04 14:45:00,0 days 00:30:00,,288.6214015,374.54518,16.870133976392957,20.878150796251795
17,6879,6880,56879.99,56602.452,56602.452,57435.096000000005,-6647.347514000008,1929.201514,-0.00687448155317893,2024-09-10 13:45:00,2024-09-10 14:00:00,0 days 00:15:00,,259.909696,266.3122435,17.08043852678395,19.015195517685694
17,6882,6903,57005.16,58032.508000000016,56491.486,58032.508000000016,15509.275644000216,1955.6403560000003,0.01600399563828985,2024-09-10 14:30:00,2024-09-10 19:45:00,0 days 05:15:00,,298.040877,319.494191,21.59168472462496,29.412233734761642
17,6977,6978,55802.02,55630.66,55630.66,56144.71,-4807.475559999886,1894.35556,-0.005067785718151329,2024-09-11 14:15:00,2024-09-11 14:30:00,0 days 00:15:00,,533.139314,541.076723,21.443478179002295,22.958225645406714
17,7071,7071,57708.0,57554.742,57554.742,58014.516,-4564.852614000028,1959.466614,-0.004653093886462949,2024-09-12 13:45:00,2024-09-12 13:45:00,0 days 00:00:00,,322.9066405,322.9066405,22.038562782125773,22.038562782125773
17,7072,7074,57628.0,58279.217999999986,57302.376000000004,58279.217999999986,9100.283293999766,1970.4227059999998,0.009289074442978868,2024-09-12 14:00:00,2024-09-12 14:30:00,0 days 00:30:00,,341.127814,424.31258699999995,21.280192978476,21.0544095050595
16,7281,7309,59629.99,60172.362,59358.804,60172.362,6761.114368000049,1916.837632,0.007086528909362555,2024-09-14 18:15:00,2024-09-15 01:15:00,0 days 07:00:00,,146.45225150000002,72.0282415,22.58268414794861,27.365357612498325
16,7347,7357,60002.09,60272.313999999984,59866.978,60272.313999999984,2399.193535999799,1924.3904639999996,0.002499072882294347,2024-09-15 10:45:00,2024-09-15 13:15:00,0 days 02:30:00,,60.705979,92.21570399999999,26.879217846345256,30.52888867729515
17,7456,7457,58497.11,58007.6,58007.6,59476.1,-10302.250070000035,1980.58007,-0.010359737600712241,2024-09-16 14:00:00,2024-09-16 14:15:00,0 days 00:15:00,,274.658502,295.6681265,21.69404154651737,23.73965509114924
16,7631,7631,59920.01,59840.018,59840.018,60079.96400000001,-3196.0324480000904,1916.160448,-0.003333644770753613,2024-09-18 09:45:00,2024-09-18 09:45:00,0 days 00:00:00,,159.70089800000002,159.70089800000002,22.07998643026634,22.07998643026634
15,7789,7790,62709.29,62933.500000000015,62597.2,62933.500000000015,1478.5081500002048,1884.6418500000004,0.0015718119277066942,2024-09-20 01:15:00,2024-09-20 01:30:00,0 days 00:15:00,,185.00450800000002,190.716181,24.966223319092983,23.931401939029847
15,7838,7838,62917.99,62760.432,62760.432,63233.10599999999,-4248.546329999959,1885.17633,-0.004501676261431742,2024-09-20 13:30:00,2024-09-20 13:30:00,0 days 00:00:00,,257.8692295,257.8692295,18.392434829114055,18.392434829114055
15,8013,8013,62870.01,62818.094000000005,62818.094000000005,62973.842,-2664.061559999962,1885.32156,-0.002824941557986055,2024-09-22 09:15:00,2024-09-22 09:15:00,0 days 00:00:00,,75.7398345,75.7398345,11.366831932022755,11.366831932022755
15,8033,8055,62679.28,63225.862,62406.004,63225.862,6310.152870000033,1888.5771300000001,0.006711577701594579,2024-09-22 14:15:00,2024-09-22 19:45:00,0 days 05:30:00,,142.7692265,133.91981350000003,17.392072533047628,14.745710900107051
15,8065,8066,62646.12,63266.532000000014,62335.914,63266.532000000014,7417.490220000167,1888.6897800000002,0.007893535114385467,2024-09-22 22:15:00,2024-09-22 22:30:00,0 days 00:15:00,,170.211098,214.1852775,21.57413407649242,21.287002975786475
15,8106,8123,63570.0,63280.0,63280.0,64150.0,-6252.75,1902.75,-0.0065573383671543375,2024-09-23 08:30:00,2024-09-23 12:45:00,0 days 04:15:00,,230.5935005,194.471711,17.726359384833454,23.2501954637327
15,8227,8228,62921.95,63331.20999999999,62717.32,63331.20999999999,4245.102599999922,1893.7974,0.004497744268891752,2024-09-24 14:45:00,2024-09-24 15:00:00,0 days 00:15:00,,298.980993,308.15625950000003,21.951434341891158,20.598047933736705
15,8291,8291,63967.01,63869.884,63869.884,64161.26200000001,-3374.4434100000576,1917.55341,-0.0035168580491725574,2024-09-25 06:45:00,2024-09-25 06:45:00,0 days 00:00:00,,144.60393150000002,144.60393150000002,22.650874414556426,22.650874414556426
15,8587,8588,65709.31,65567.198,65567.198,65993.53399999999,-4100.827619999905,1969.1476200000002,-0.004160574932227932,2024-09-28 08:45:00,2024-09-28 09:00:00,0 days 00:15:00,,85.43680850000001,93.64578550000002,20.56734650223686,22.686476677046745
15,8603,8603,65453.98,65510.066,65425.952,65510.066,-1123.1706900000647,1964.46069,-0.001143980029938747,2024-09-28 12:45:00,2024-09-28 12:45:00,0 days 00:00:00,,106.15798500000001,106.15798500000001,23.293804417906827,23.293804417906827
15,8638,8647,65588.03,65924.29600000002,65419.882,65924.29600000002,3071.3051100002667,1972.6848900000002,0.0031218146664873632,2024-09-28 21:30:00,2024-09-28 23:45:00,0 days 02:15:00,,103.0356915,76.951012,19.782815575232696,19.21212342014789
15,8738,8740,65749.5,65577.45,65577.45,66093.6,-4550.654250000043,1969.90425,-0.0046141331873246465,2024-09-29 22:30:00,2024-09-29 23:00:00,0 days 00:30:00,,87.04333,90.7089545,23.089945073091112,21.40239134593022
15,8747,8751,65341.99,65075.2,65075.2,65875.6,-5958.107850000013,1956.25785,-0.006078896433977583,2024-09-30 00:45:00,2024-09-30 01:45:00,0 days 01:00:00,,146.5755905,191.39486950000006,23.3576468120503,25.287106964926675
16,8981,8987,61246.0,60840.655999999995,60840.655999999995,62056.68800000001,-8438.890496000073,1953.386496,-0.008611675146132083,2024-10-02 11:15:00,2024-10-02 12:45:00,0 days 01:30:00,,226.0902475,255.12008400000002,18.883797577555892,26.422284214253246
16,9067,9067,60390.0,60170.646,60170.646,60828.708,-5438.63433599999,1928.970336,-0.005628657824143107,2024-10-03 08:45:00,2024-10-03 08:45:00,0 days 00:00:00,,257.83915,257.83915,24.755464279289424,24.755464279289424
15,9237,9251,61859.98,62243.534,61668.188,62243.534,3891.757289999947,1861.55271,0.004194157288767165,2024-10-05 03:15:00,2024-10-05 06:45:00,0 days 03:30:00,,96.9143085,76.23747000000002,18.059274693846696,16.14960747098448
15,9290,9291,62157.5,62040.0,62040.0,62392.5,-3625.4625,1862.9625,-0.003888468809073742,2024-10-05 16:30:00,2024-10-05 16:45:00,0 days 00:15:00,,87.204953,93.81303750000001,17.22615138809968,18.949791525914307
15,9339,9341,61847.99,61946.45799999999,61798.756,61946.45799999999,-379.8967200000975,1856.9167199999997,-0.0004094950862592816,2024-10-06 04:45:00,2024-10-06 05:15:00,0 days 00:30:00,,57.820161000000006,58.07942800000001,15.618172631688044,14.52097572439379
15,9455,9456,63215.3,63080.53,63080.53,63484.84000000001,-3915.987450000061,1894.43745,-0.004129788674577249,2024-10-07 09:45:00,2024-10-07 10:00:00,0 days 00:15:00,,174.498988,178.64191,17.551945302569333,18.966362476490833
15,9492,9492,62848.0,63073.8,62735.1,63073.8,1498.1730000000437,1888.827,0.0015892025203665576,2024-10-07 19:00:00,2024-10-07 19:00:00,0 days 00:00:00,,402.87793350000004,402.87793350000004,21.653230522764513,21.653230522764513
15,9575,9658,62230.01,61806.376,61806.376,63077.27800000001,-8215.055790000082,1860.54579,-0.008800743981882752,2024-10-08 15:45:00,2024-10-09 12:30:00,0 days 20:45:00,,373.1021585,130.606277,18.61413650166044,24.37152738622882
15,9760,9762,60940.01,60614.31800000001,60614.31800000001,61591.39399999999,-6708.694919999933,1823.3149200000003,-0.00733912462436408,2024-10-10 14:00:00,2024-10-10 14:30:00,0 days 00:30:00,,230.0556735,229.721943,20.283782185806853,23.066992185252175
15,9998,10000,62948.13,62799.4,62799.4,63245.619999999995,-4117.162949999939,1886.21295,-0.004360376233575137,2024-10-13 01:30:00,2024-10-13 02:00:00,0 days 00:30:00,,96.45972650000002,109.587485,24.987228343992733,27.24040209000271
14,10244,10244,65376.01,65124.012,65124.012,65879.976,-5354.972307999995,1827.0003080000001,-0.005850739774421863,2024-10-15 15:00:00,2024-10-15 15:00:00,0 days 00:00:00,,967.7105505,967.7105505,23.938136783329067,23.938136783329067
14,10245,10250,65407.99,66763.94999999998,64730.01,66763.94999999998,17133.032839999785,1850.4071599999997,0.01871006982480244,2024-10-15 15:15:00,2024-10-15 16:30:00,0 days 01:15:00,,1031.829088,1195.1992515,22.737605325593872,19.206122640937373
14,10383,10394,67594.63,67388.388,67388.388,68007.14399999999,-4777.150251999978,1889.762252,-0.005048108377840068,2024-10-17 01:45:00,2024-10-17 04:30:00,0 days 02:45:00,,122.63141449999999,153.71615,9.043334654306603,10.135563253845998
14,10401,10401,67299.99,67433.29199999997,67233.32400000001,67433.29199999997,-20.03794800046262,1886.2659479999998,-2.1267194839556542e-05,2024-10-17 06:15:00,2024-10-17 06:15:00,0 days 00:00:00,,182.27217050000002,182.27217050000002,13.458997638922297,13.458997638922297
14,10405,10408,67188.02,67396.09199999999,67083.98400000001,67396.09199999999,1028.830431999798,1884.1775679999998,0.0010937647515134848,2024-10-17 07:15:00,2024-10-17 08:00:00,0 days 00:45:00,,200.00544449999998,204.45506000000003,15.37391610368006,15.250794984030982
14,10423,10423,66867.99,66796.21999999999,66796.21999999999,67011.53000000004,-2876.078940000261,1871.2989400000001,-0.0030722354597471197,2024-10-17 11:45:00,2024-10-17 11:45:00,0 days 00:00:00,,297.76751349999995,297.76751349999995,18.51625816702834,18.51625816702834
14,10424,10426,66872.44,67158.67799999999,66729.306,67158.67799999999,2130.896347999762,1876.4356520000001,0.0022760778879907222,2024-10-17 12:00:00,2024-10-17 12:30:00,0 days 00:30:00,,288.112132,294.0637825,19.059949934519373,17.799226925213137
14,10431,10497,67211.99,68326.83600000001,66654.582,68326.83600000001,13710.30043600007,1897.5435640000003,0.014570423729456664,2024-10-17 13:45:00,2024-10-18 06:15:00,0 days 16:30:00,,339.807154,290.42068850000004,16.77765568343342,26.59611304382988
14,10609,10609,68322.0,68296.334,68296.334,68373.36199999998,-2271.980675999964,1912.656676,-0.0023752866426626934,2024-10-19 10:15:00,2024-10-19 10:15:00,0 days 00:00:00,,77.90431050000001,77.90431050000001,14.303747998117139,14.303747998117139
14,10613,10614,68297.28,68170.0,68170.0,68551.84,-3692.4619199999834,1910.54192,-0.003861753791659084,2024-10-19 11:15:00,2024-10-19 11:30:00,0 days 00:15:00,,86.1153305,91.762767,16.223586456965233,18.517361142645395
14,10795,10795,68511.99,68459.08600000001,68459.08600000001,68617.82799999998,-2658.25106399993,1917.5950640000003,-0.00277141382114275,2024-10-21 08:45:00,2024-10-21 08:45:00,0 days 00:00:00,,184.19458100000003,184.19458100000003,22.23875483466387,22.23875483466387
14,10891,10892,67124.94,66880.0,66880.0,67614.82,-5305.229160000033,1876.06916,-0.005645367280775299,2024-10-22 08:45:00,2024-10-22 09:00:00,0 days 00:15:00,,212.1524525,232.41229299999998,20.093934835525793,22.26297684461362
14,10893,10894,67049.99,66791.64,66791.64,67566.72,-5490.682820000082,1873.7828200000001,-0.005849242184823698,2024-10-22 09:15:00,2024-10-22 09:30:00,0 days 00:15:00,,252.69643050000002,269.0677575,24.124971186996028,26.13583078166222
14,10912,10946,66998.21,67744.59800000004,66625.01599999999,67744.59800000004,8563.032688000494,1886.3993120000007,0.009129276617987864,2024-10-22 14:00:00,2024-10-22 22:30:00,0 days 08:30:00,,370.8826925,150.2431625,19.58000254651616,15.395636082236317
14,10985,10987,66989.62,66680.0,66680.0,67608.89000000001,-6206.054679999935,1871.37468,-0.0066172881709135566,2024-10-23 08:15:00,2024-10-23 08:45:00,0 days 00:30:00,,152.2719015,181.9419305,21.428033497046123,22.70236837018581
14,11085,11096,66926.0,67438.02999999998,66670.0,67438.02999999998,5287.32357999978,1881.0964199999999,0.00564303813166765,2024-10-24 09:15:00,2024-10-24 12:00:00,0 days 02:45:00,,160.65379299999998,214.58635199999998,24.40223415839501,21.21073460086245
14,11166,11172,67758.3,67556.34999999999,67556.34999999999,68162.20000000003,-4721.705100000163,1894.4051,-0.004977466229229673,2024-10-25 05:30:00,2024-10-25 07:00:00,0 days 01:30:00,,148.662631,159.054169,17.360478220286023,21.711246000441275
14,11208,11208,67690.01,67410.862,67410.862,68248.306,-5799.484208000014,1891.412208,-0.0061197933343487285,2024-10-25 16:00:00,2024-10-25 16:00:00,0 days 00:00:00,,380.27170149999995,380.27170149999995,19.339683872376494,19.339683872376494
14,11209,11214,67821.08,67340.026,67340.026,68783.18800000001,-8627.011484000051,1892.255484,-0.00908589344198009,2024-10-25 16:15:00,2024-10-25 17:30:00,0 days 01:15:00,,379.33255199999996,407.73273199999994,20.342260081932043,25.71133142800746
14,11294,11296,67068.0,66850.948,66850.948,67502.07400000001,-4913.593271999945,1874.865272,-0.005233061191626354,2024-10-26 13:30:00,2024-10-26 14:00:00,0 days 00:30:00,,121.034171,129.171907,11.840233063094631,16.30371261807514
14,11300,11301,66797.99,66910.37000000001,66741.8,66910.37000000001,-298.5970399999351,1871.9170400000003,-0.0003192964339195155,2024-10-26 15:00:00,2024-10-26 15:15:00,0 days 00:15:00,,146.65501450000002,156.45504849999998,24.599134314608573,24.57935913709376
13,11340,11340,67014.85,66966.8,66966.8,67110.95000000001,-2366.411450000038,1741.76145,-0.002716288255513565,2024-10-27 01:00:00,2024-10-27 01:00:00,0 days 00:00:00,,62.837081,62.837081,17.168206773167878,17.168206773167878
13,11455,11460,67761.64,68056.266,67614.312,68056.266,2064.50522200005,1765.6327780000001,0.0023436282533894023,2024-10-28 05:45:00,2024-10-28 07:00:00,0 days 01:15:00,,101.8916995,133.241299,14.480433863218797,15.628339449506818
13,11673,11676,72062.0,71714.684,71714.684,72756.662,-6384.20489200008,1869.096892,-0.006814863367655752,2024-10-30 12:15:00,2024-10-30 13:00:00,0 days 00:45:00,,230.83517350000002,273.1978415,17.460903593683767,25.288286280529988
12,11772,11773,72114.0,71952.6,71952.6,72436.79999999999,-3665.5991999999305,1728.7992000000002,-0.00423588484898906,2024-10-31 13:00:00,2024-10-31 13:15:00,0 days 00:15:00,,224.2806835,228.2072855,11.438147069206712,12.708166766426444
13,11777,11779,71160.02,70689.112,70689.112,72101.83600000002,-7965.842716000135,1844.038716,-0.008610974701805984,2024-10-31 14:15:00,2024-10-31 14:45:00,0 days 00:30:00,,412.63001500000007,482.6987500000001,25.36495501894559,32.05862982268143
13,11953,11953,69482.0,69438.68,69438.68,69568.61000000003,-2369.128840000091,1805.96884,-0.002622847356149914,2024-11-02 10:15:00,2024-11-02 10:15:00,0 days 00:00:00,,84.72884600000002,84.72884600000002,14.567980209494788,14.567980209494788
13,11964,11965,69459.05,69608.08600000002,69384.53199999999,69608.08600000002,129.5952320002841,1807.8727680000004,0.0001435214561676043,2024-11-02 13:00:00,2024-11-02 13:15:00,0 days 00:15:00,,95.53214449999999,106.1809985,19.939254685565142,19.289506714906615
13,12005,12005,69277.99,69181.472,69181.472,69471.05600000001,-3054.7070060001424,1799.9730060000002,-0.0033918054204518746,2024-11-02 23:15:00,2024-11-02 23:15:00,0 days 00:00:00,,64.97486900000001,64.97486900000001,17.212213122227528,17.212213122227528
13,12014,12016,69118.68,68982.38600000001,68982.38600000001,69391.26799999995,-3567.135857999738,1795.313858,-0.003969911838593843,2024-11-03 01:30:00,2024-11-03 02:00:00,0 days 00:30:00,,106.43214250000001,153.61673000000002,24.64729270101757,29.177137774215957
13,12063,12063,68224.0,68175.998,68175.998,68320.00399999999,-2397.225973999911,1773.199974,-0.0027028904491087488,2024-11-03 13:45:00,2024-11-03 13:45:00,0 days 00:00:00,,182.086451,182.086451,18.29583926120143,18.29583926120143
13,12065,12065,68060.0,67914.4,67914.4,68351.20000000001,-3660.4672000000755,1767.6671999999999,-0.004137149573905494,2024-11-03 14:15:00,2024-11-03 14:15:00,0 days 00:00:00,,224.23279300000002,224.23279300000002,22.9339935153114,22.9339935153114
13,12164,12168,68394.01,68803.65399999997,68189.18800000001,68803.65399999997,3541.8023679996254,1783.5696319999993,0.003983482413152474,2024-11-04 15:00:00,2024-11-04 16:00:00,0 days 01:00:00,,329.022499,366.0554000000001,17.279846040102438,16.770028903111054
13,12174,12189,67798.0,67215.248,67215.248,68963.50399999999,-9330.94822399991,1755.1722240000001,-0.010586820378182182,2024-11-04 17:30:00,2024-11-04 21:15:00,0 days 03:45:00,,537.395452,427.40863550000006,25.664655899894143,28.893678584991452
12,12452,12454,74822.0,75467.908,74499.046,75467.908,5947.417103999949,1803.478896,0.0066239620967093625,2024-11-07 15:00:00,2024-11-07 15:30:00,0 days 00:30:00,,308.671743,375.7072665,16.971029571947465,19.904235695798004
11,12548,12549,75752.01,76010.97600000002,75622.51199999999,76010.97600000002,1179.2331540003238,1669.3928460000002,0.0014151837555205081,2024-11-08 15:00:00,2024-11-08 15:15:00,0 days 00:15:00,,346.8246605,411.2774285,10.917920023339908,12.150834982486792
11,12654,12660,75977.08,76557.328,75686.956,76557.328,4704.849511999915,1677.8784879999998,0.005629508162198194,2024-11-09 17:30:00,2024-11-09 19:00:00,0 days 01:30:00,,210.29663450000004,221.28909050000004,22.510087050251794,18.270597542072835
10,12916,13026,86787.52,90301.53399999997,85030.498,90301.53399999997,33369.249459999664,1770.8905399999999,0.03844936398689538,2024-11-12 11:00:00,2024-11-13 14:30:00,1 days 03:30:00,,1336.81836105,873.47380275,24.04904614043841,30.537456879347577
10,13093,13095,89660.0,90842.50400000002,89068.74799999999,90842.50400000002,10020.014960000153,1805.0250400000002,0.0111755687709124,2024-11-14 07:15:00,2024-11-14 07:45:00,0 days 00:30:00,,361.43898200000007,385.19549700000005,18.492109601125023,17.688470290358815
10,13123,13123,89730.93,89376.0,89376.0,90440.82,-5340.36929999993,1791.0692999999999,-0.005951536777786592,2024-11-14 14:45:00,2024-11-14 14:45:00,0 days 00:00:00,,656.109467,656.109467,15.924826324981353,15.924826324981353
10,13125,13127,89393.51,88153.076,88153.076,91874.348,-14179.805859999939,1775.46586,-0.015862231900279914,2024-11-14 15:15:00,2024-11-14 15:45:00,0 days 00:30:00,,751.996476,870.293818,20.530511343657288,24.536351366773506
10,13407,13409,90456.01,90298.4,90298.4,90771.23,-3383.644100000006,1807.5441,-0.0037406515056323704,2024-11-17 13:45:00,2024-11-17 14:15:00,0 days 00:30:00,,245.29794800000002,239.678386,17.47271028219366,18.595408529724153
10,13411,13426,90279.98,89892.024,89892.024,91055.89199999998,-5681.2800399999105,1801.7200400000002,-0.0062929566887364235,2024-11-17 14:45:00,2024-11-17 18:30:00,0 days 03:45:00,,258.94655650000004,223.7805125,21.44117525133987,20.025566663864353
10,13601,13614,91724.56,93249.39,90962.13,93249.39,13398.560500000018,1849.7395000000001,0.01460738596075039,2024-11-19 14:15:00,2024-11-19 17:30:00,0 days 03:15:00,,575.820366,797.6117395,16.92509502611759,17.597208290056773
9,13795,13796,97250.0,96481.284,96481.284,98787.40200000002,-8662.025556000004,1743.581556,-0.009896630169665766,2024-11-21 14:45:00,2024-11-21 15:00:00,0 days 00:15:00,,874.5262605,928.4033830000001,21.373990047571585,21.764020086833582
9,13797,13797,96912.0,96428.454,96428.454,97879.06200000002,-6091.978086000019,1740.0640859999999,-0.006984547362555793,2024-11-21 15:15:00,2024-11-21 15:15:00,0 days 00:00:00,,978.2247485,978.2247485,22.661671723669542,22.661671723669542
9,13799,13807,96234.52,97712.76000000002,95495.4,97712.76000000002,11558.634480000177,1745.5255200000004,0.013345447350909305,2024-11-21 15:45:00,2024-11-21 17:45:00,0 days 02:00:00,,1038.954556,968.0566575,24.22366780837566,17.646010997304472
9,13887,13891,97611.03,97295.48,97295.48,98242.13,-4594.108590000026,1754.15859,-0.005229496195255848,2024-11-22 13:45:00,2024-11-22 14:45:00,0 days 01:00:00,,458.13215749999995,529.1064325,19.500842273368665,26.686394547956308
9,13995,13996,97784.0,97526.762,97526.762,98298.50599999998,-4072.938857999978,1757.7968580000002,-0.004628045099402771,2024-11-23 16:45:00,2024-11-23 17:00:00,0 days 00:15:00,,407.334226,441.4195455,21.985279301304857,25.096453093936283
9,14178,14178,97244.0,97084.20800000001,97084.20800000001,97563.58399999997,-3187.0818719998806,1748.953872,-0.003641563572045411,2024-11-25 14:30:00,2024-11-25 14:30:00,0 days 00:00:00,,382.97051350000004,382.97051350000004,22.485279267599868,22.485279267599868
9,14251,14253,92780.01,93726.256,92306.872,93726.256,6837.6576059999925,1678.556394,0.008188614487107653,2024-11-26 08:45:00,2024-11-26 09:15:00,0 days 00:30:00,,458.6780435,492.69107,25.099217184810794,24.337189497145488
10,14297,14297,91596.0,91369.178,91369.178,92049.61400000002,-4097.871780000001,1829.6517800000001,-0.0044738545132975305,2024-11-26 20:15:00,2024-11-26 20:15:00,0 days 00:00:00,,700.2115480000001,700.2115480000001,21.615021000117064,21.615021000117064
10,14299,14319,91415.98,92792.49999999999,90727.72,92792.49999999999,11923.115199999895,1842.0847999999999,0.013042703474819122,2024-11-26 20:45:00,2024-11-27 01:45:00,0 days 05:00:00,,756.2330435,390.2740195,23.66635815041439,13.428779362975101
9,14423,14448,95210.95,94773.848,94773.848,96085.154,-5643.781181999991,1709.863182,-0.006586288635918477,2024-11-28 03:45:00,2024-11-28 10:00:00,0 days 06:15:00,,402.9740785000001,286.9777365,22.95939351396503,21.297377243069853
9,14919,14919,95375.21,95293.4,95293.4,95538.83000000003,-2452.30749000011,1716.01749,-0.0028569122940857376,2024-12-03 07:45:00,2024-12-03 07:45:00,0 days 00:00:00,,203.81388950000002,203.81388950000002,20.360232773301778,20.360232773301778
9,15228,15228,97638.55,97928.58999999998,97490.14,97928.58999999998,850.2557399998113,1760.10426,0.0009675774578789252,2024-12-06 13:00:00,2024-12-06 13:00:00,0 days 00:00:00,,347.23711149999997,347.23711149999997,11.159231887950012,11.159231887950012
9,15405,15407,99169.83,98872.8,98872.8,99763.86000000002,-4455.65366999999,1782.3836700000002,-0.004992169795995352,2024-12-08 09:15:00,2024-12-08 09:45:00,0 days 00:30:00,,118.71064500000001,133.27479050000002,24.30170416777567,28.42062717948069
9,15467,15473,99618.17,99321.576,99321.576,100211.38799999998,-4459.803713999976,1790.4577140000001,-0.004974330947858194,2024-12-09 00:45:00,2024-12-09 02:15:00,0 days 01:30:00,,271.3975735,308.45566,21.41243716352707,17.142434984988284
9,15476,15479,99195.89,98976.44,98976.44,99634.79,-3758.600969999974,1783.55097,-0.004210076949760743,2024-12-09 03:00:00,2024-12-09 03:45:00,0 days 00:45:00,,353.95160250000004,401.708948,17.25891107056815,19.428802187187728
9,15480,15504,99090.84,98320.20999999999,98320.20999999999,100632.1,-8712.369450000042,1776.6994499999998,-0.009769228417076762,2024-12-09 04:00:00,2024-12-09 10:00:00,0 days 06:00:00,,405.83073200000007,332.3737165,19.73533649808038,25.43767598851696
9,15528,15528,97812.0,97485.296,97485.296,98465.408,-4698.0116639999815,1757.6756639999999,-0.0053367817445711795,2024-12-09 16:00:00,2024-12-09 16:00:00,0 days 00:00:00,,638.1979815,638.1979815,22.978399104298784,22.978399104298784
9,15529,15535,98116.01,97450.284,97450.284,99447.432,-7751.630645999956,1760.096646,-0.008778305334674682,2024-12-09 16:15:00,2024-12-09 17:45:00,0 days 01:30:00,,657.9692705,662.166264,22.384391659578682,22.314160814294624
9,15625,15626,95810.6,95228.156,95228.156,96975.48800000001,-6961.3448040000285,1719.3488040000002,-0.00807303947579919,2024-12-10 16:15:00,2024-12-10 16:30:00,0 days 00:15:00,,767.9643409999999,883.1694180000001,24.730901519899458,27.78859747129848
8,15832,15832,99481.33,99844.48800000001,99299.736,99844.48800000001,1310.6574560000827,1594.6065440000002,0.0016468636074729666,2024-12-12 20:00:00,2024-12-12 20:00:00,0 days 00:00:00,,495.43324550000006,495.43324550000006,26.974265006994106,26.974265006994106
8,15856,15858,99323.94,99591.204,99190.308,99591.204,546.7908479999646,1591.321152,0.0006881408047243859,2024-12-13 02:00:00,2024-12-13 02:30:00,0 days 00:30:00,,175.650053,186.98837350000002,24.25517633016398,25.898168134931353
8,15995,15996,101417.21,101235.8,101235.8,101780.03000000001,-3072.504080000028,1621.2240800000002,-0.0037869609112694143,2024-12-14 12:45:00,2024-12-14 13:00:00,0 days 00:15:00,,91.838955,93.1185835,20.973451112857706,22.143577707174853
8,16185,16186,104060.45,103595.46800000001,103595.46800000001,104990.444,-5381.103343999913,1661.247344,-0.006463915137787541,2024-12-16 12:15:00,2024-12-16 12:30:00,0 days 00:15:00,,255.644299,268.4342585,21.95936073292296,23.627873730139523
8,16187,16187,103612.54,103575.896,103575.896,103685.85800000002,-1950.6594880000018,1657.507488,-0.002353310091616342,2024-12-16 12:45:00,2024-12-16 12:45:00,0 days 00:00:00,,276.409446,276.409446,25.624883516678683,25.624883516678683
8,16295,16322,106505.96,105684.41200000001,105684.41200000001,108149.02599999997,-8269.906975999962,1697.5229760000002,-0.009705920419852554,2024-12-17 15:45:00,2024-12-17 22:30:00,0 days 06:45:00,,487.24962580000005,257.43132800000006,21.063009101386648,22.271866326315212
8,16324,16335,105972.0,105280.318,105280.318,107355.39399999999,-7223.474544000006,1690.018544,-0.008520498980862849,2024-12-17 23:00:00,2024-12-18 01:45:00,0 days 02:45:00,,265.7166295,308.886808,25.67952939038451,26.220547112015346
8,16389,16393,104122.21,103634.164,103634.164,105098.332,-5566.418992000017,1662.0509920000002,-0.0066825547978668735,2024-12-18 15:15:00,2024-12-18 16:15:00,0 days 01:00:00,,379.7682470000001,457.0595425000001,21.796446204864527,20.53803044305752
8,16394,16398,103773.12,104666.32800000001,103326.51599999999,104666.32800000001,5478.148416000106,1667.515584,0.0065987083360315845,2024-12-18 16:30:00,2024-12-18 17:30:00,0 days 01:00:00,,467.54846650000013,451.436209,20.41793898590907,18.403112276438453
8,16406,16407,103733.12,103319.59,103319.59,104560.15000000001,-4964.66167999999,1656.42168,-0.005982493440860491,2024-12-18 19:30:00,2024-12-18 19:45:00,0 days 00:15:00,,512.729258,566.7949365000002,16.93276728818283,18.817603460041106
8,16485,16485,100850.0,100293.186,100293.186,101963.65799999998,-6063.657487999988,1609.1454880000001,-0.007515688507684707,2024-12-19 15:15:00,2024-12-19 15:15:00,0 days 00:00:00,,518.1945205000001,518.1945205000001,23.862422042936956,23.862422042936956
8,16555,16555,96050.45,95817.36,95817.36,96516.6,-3399.662479999972,1534.9424800000002,-0.00442431878247315,2024-12-20 08:45:00,2024-12-20 08:45:00,0 days 00:00:00,,515.4524905000001,515.4524905000001,21.26187367790225,21.26187367790225
8,16771,16771,95822.81,95616.64600000001,95616.64600000001,96235.13799999998,-3180.827647999918,1531.515648,-0.004149361263774128,2024-12-22 14:45:00,2024-12-22 14:45:00,0 days 00:00:00,,195.67942750000003,195.67942750000003,21.12779988090807,21.12779988090807
8,16773,16775,95533.89,95148.43800000001,95148.43800000001,96304.764,-4609.074623999922,1525.458624,-0.006030680086406887,2024-12-22 15:15:00,2024-12-22 15:45:00,0 days 00:30:00,,216.87460650000006,241.31038600000002,26.275637094504102,30.95219984891893
8,16801,16803,94661.0,95551.78999999996,94215.62000000001,95551.78999999996,5604.617679999716,1521.7023199999999,0.007400906497923845,2024-12-22 22:15:00,2024-12-22 22:45:00,0 days 00:30:00,,273.0774315,279.4351605,25.440118240073986,25.693954474125448
8,16868,16868,94389.67,93587.57999999999,93587.57999999999,95993.85000000002,-7920.538000000088,1503.8179999999998,-0.010489148335829653,2024-12-23 15:00:00,2024-12-23 15:00:00,0 days 00:00:00,,397.01035600000006,397.01035600000006,26.362521955604677,26.362521955604677
8,17048,17048,97907.61,97759.76000000001,97759.76000000001,98203.30999999998,-2748.13895999993,1565.33896,-0.003508587024032089,2024-12-25 12:00:00,2024-12-25 12:00:00,0 days 00:00:00,,188.5143905,188.5143905,16.97163739251188,16.97163739251188
8,17049,17074,98057.86,98966.26399999998,97603.65800000001,98966.26399999998,5691.039007999843,1576.1929919999998,0.007254695095324223,2024-12-25 12:15:00,2024-12-25 18:30:00,0 days 06:15:00,,189.6557685,122.2210325,16.77631792269877,11.723710970283324
8,17127,17127,97987.2,97744.674,97744.674,98472.252,-3506.062991999984,1565.854992,-0.0044726032992064,2024-12-26 07:45:00,2024-12-26 07:45:00,0 days 00:00:00,,158.3431155,158.3431155,25.660461914998407,25.660461914998407
8,17437,17438,94989.68,94831.076,94831.076,95306.88799999998,-2787.3980479999364,1518.566048,-0.003668027474142397,2024-12-29 13:15:00,2024-12-29 13:30:00,0 days 00:15:00,,60.520428,67.601187,14.92689514380021,16.663474408071185
8,17439,17440,94891.58,95091.81999999999,94791.46,95091.81999999999,82.05279999992536,1519.8672000000001,0.00010808756688406463,2024-12-29 13:45:00,2024-12-29 14:00:00,0 days 00:15:00,,67.601809,74.077406,17.983406121473966,17.455538809402668
9,17537,17538,92880.14,92580.612,92580.612,93479.19600000001,-4364.898768000052,1669.146768,-0.005221662585779971,2024-12-30 14:15:00,2024-12-30 14:30:00,0 days 00:15:00,,237.371054,307.756182,19.840216671292524,22.313536347526842
8,17709,17709,93327.15,93200.71599999999,93200.71599999999,93580.01800000001,-2503.694928000067,1492.222928,-0.0033533850117571738,2025-01-01 09:15:00,2025-01-01 09:15:00,0 days 00:00:00,,86.5677555,86.5677555,24.74632195467883,24.74632195467883
8,17893,17893,96542.04,96437.6,96437.6,96750.95,-2379.3571199999024,1543.8371200000001,-0.0030807266968875743,2025-01-03 07:15:00,2025-01-03 07:15:00,0 days 00:00:00,,80.36462650000001,80.36462650000001,21.556231728562636,21.556231728562636
8,17998,17999,97873.39,97689.064,97689.064,98242.042,-3039.1076320000075,1564.499632,-0.0038814273624322155,2025-01-04 09:30:00,2025-01-04 09:45:00,0 days 00:15:00,,83.00796700000001,94.59149699999999,16.52435262521168,18.514633367020327
8,18024,18031,97657.95,97951.35600000003,97511.23199999999,97951.35600000003,782.373552000254,1564.8744480000003,0.001001420713828625,2025-01-04 16:00:00,2025-01-04 17:45:00,0 days 01:45:00,,110.60034250000001,117.84962250000001,18.927252515212377,17.157420895196754
8,18296,18306,100830.86,100443.108,100443.108,101606.36400000002,-4712.207744000061,1610.191744,-0.005841723139126312,2025-01-07 12:00:00,2025-01-07 14:30:00,0 days 02:30:00,,195.3226,252.49764749999997,25.786777775812872,39.2000517908147
