Size,EntryBar,ExitBar,EntryPrice,ExitPrice,SL,TP,PnL,Commission,ReturnPct,EntryTime,ExitTime,Duration,Tag,"Entry_ta_wrapper(ema,C,9)","Exit_ta_wrapper(ema,C,9)","Entry_ta_wrapper(ema,C,21)","Exit_ta_wrapper(ema,C,21)","Entry_ta_wrapper(rsi,C,14)","Exit_ta_wrapper(rsi,C,14)","Entry_ta_wrapper(sma,V,20)","Exit_ta_wrapper(sma,V,20)","Entry_ta_atr_wr…(H,L,C,14)","Exit_ta_atr_wr…(H,L,C,14)"
17,360,390,58140.0,57691.196645281576,57691.196645281576,58813.20503207763,-9598.787373182997,1969.1303429697869,-0.009711636590363039,2024-07-04 16:00:00,2024-07-04 23:30:00,0 days 07:30:00,,57657.1581048909,57959.92036345489,57616.6618441632,58101.498020164174,53.51186787950802,27.953871436710493,672.7056625000001,314.686739,370.0061673416369,298.6463287566449
17,833,833,57851.15,57525.46043575728,57525.46043575728,58339.68434636408,-7498.124969534096,1961.4023774078737,-0.007624155694026372,2024-07-09 14:15:00,2024-07-09 14:15:00,0 days 00:00:00,,57452.25459920411,57452.25459920411,57420.85483387304,57420.85483387304,55.08550853093808,55.08550853093808,390.86497900000006,390.86497900000006,312.8145437592473,312.8145437592473
16,975,977,58040.01,57791.98729762157,57791.98729762157,58412.04405356765,-5821.675194816855,1853.311956761945,-0.006269032339519762,2024-07-11 01:45:00,2024-07-11 02:15:00,0 days 00:30:00,,57791.921545075835,57872.41378884854,57688.385156805474,57745.005253558236,66.83085419804866,58.32592572866319,155.7460705,163.09690400000002,222.59518636426466,237.8732984467386
17,1091,1093,57313.72,57080.98551943222,57080.98551943222,57662.821720851665,-5901.196163482583,1944.709993830348,-0.006056650765073522,2024-07-12 06:45:00,2024-07-12 07:15:00,0 days 00:30:00,,57149.608725480735,57153.56558430768,57120.86501930691,57128.45042917926,52.528222703967856,48.439220656580765,165.09748249999998,158.3875995,191.50501472506426,188.07952800273372
16,1097,1103,57228.01,56990.42138789125,56990.42138789125,57584.36791816312,-5628.912695946313,1827.4949022062601,-0.006147462466310496,2024-07-12 08:15:00,2024-07-12 09:45:00,0 days 01:30:00,,57136.54225533243,57121.95268274188,57123.64418904396,57130.54056712354,50.68431757115728,42.906609529218215,181.5756235,192.48404100000005,201.68059270319822,188.89412260133008
16,1182,1183,57924.0,58115.75409120475,57796.163939196835,58115.75409120475,1211.4293938166916,1856.6360654592759,0.00130713239958467,2024-07-13 05:30:00,2024-07-13 05:45:00,0 days 00:15:00,,57857.801967749365,57901.44557419949,57845.516561356766,57866.47141941524,58.43745005548035,67.11153472986317,89.53478750000002,107.98569900000003,104.30147562149783,117.70279879139072
14,1607,1607,65050.01,64690.33257921724,64690.33257921724,65589.55113117414,-6851.84868706771,1816.3647961090414,-0.0075237154208274894,2024-07-17 15:45:00,2024-07-17 15:45:00,0 days 00:00:00,,64951.38382566274,64951.38382566274,64981.610758248615,64981.610758248615,41.80682611741595,41.80682611741595,389.7086135,389.7086135,308.4738375104684,308.4738375104684
14,1749,1750,64020.0,64358.991364876856,63794.00575674877,64358.991364876856,2948.5732291677095,1797.305879108276,0.0032897902766632504,2024-07-19 03:15:00,2024-07-19 03:30:00,0 days 00:15:00,,63874.47084064381,63970.37467251505,63832.801906007575,63880.182641825064,57.547257354040404,66.65493064323896,166.20497749999998,171.07978050000003,187.32221203964622,198.74776832252854
14,1862,1864,66679.67,66526.39260375948,66526.39260375948,66909.61109436076,-4010.768423819899,1864.8848764526329,-0.004296413867139423,2024-07-20 07:30:00,2024-07-20 08:00:00,0 days 00:30:00,,66615.96875483256,66607.47680309284,66606.44380975941,66603.70447087554,51.61990369829777,51.06145237148944,110.645255,113.0577215,124.30667566229853,120.15534789249149
14,1986,1986,67108.01,67356.44681394668,66942.36879070221,67356.44681394668,1595.6129998582999,1882.5023953952534,0.0016983420776853836,2024-07-21 14:30:00,2024-07-21 14:30:00,0 days 00:00:00,,67005.81974998038,67005.81974998038,66941.4340640828,66941.4340640828,68.24561942256948,68.24561942256948,113.003758,113.003758,152.92843576614618,152.92843576614618
14,2007,2009,67309.98,67959.21327062187,66877.1744862521,67959.21327062187,7195.497082917517,1893.768705788706,0.0076357781914547455,2024-07-21 19:45:00,2024-07-21 20:15:00,0 days 00:30:00,,67151.71984590509,67394.05990137925,67097.51563116835,67220.03936460194,57.58835395357621,68.29192528677979,510.58392349999997,560.0774805,347.91748087635807,371.59134830665585
14,2179,2180,67314.01,66949.07815930148,66949.07815930148,67861.40776104775,-6988.729004009378,1879.6832342302207,-0.007415914292697926,2024-07-23 14:45:00,2024-07-23 15:00:00,0 days 00:15:00,,66785.42082841878,66819.53866273502,66715.76301301892,66737.60364819902,61.53659125227341,54.63154876599314,424.14826450000004,435.4607635,298.2105910167048,312.96626308693976
14,2371,2396,64740.0,65304.18480293276,64363.8934647115,65304.18480293276,6077.968653817572,1820.6185872410588,0.006705910073058766,2024-07-25 14:45:00,2024-07-25 21:00:00,0 days 06:15:00,,64340.19935284022,64995.847667014634,64252.28254278242,64852.87881913334,61.73145269194868,65.22648662281401,414.48647050000005,354.2170235000001,309.029699925627,288.31502871769817
14,2516,2516,68028.0,67856.8135008753,67856.8135008753,68284.77974868704,-4298.9983767580325,1902.3873890122543,-0.004513895934403069,2024-07-27 03:00:00,2024-07-27 03:00:00,0 days 00:00:00,,67854.91644711001,67854.91644711001,67830.49176845918,67830.49176845918,53.03601974677481,53.03601974677481,95.0831145,95.0831145,152.65860051315892,152.65860051315892
14,3067,3068,64228.0,64840.51879957709,63819.67080028194,64840.51879957709,6768.303930885184,1806.9592631940793,0.007527095359928865,2024-08-01 20:45:00,2024-08-01 21:00:00,0 days 00:15:00,,63758.43046536735,63950.744372293884,63542.96236596115,63649.96578723741,69.96446136024981,69.04036475031549,544.44336,548.456761,355.1196188294499,350.7539317702035
15,3295,3301,60848.24,60626.83648227302,60626.83648227302,61179.720276590466,-5143.178913138738,1822.1261472340952,-0.005634979651165687,2024-08-04 05:45:00,2024-08-04 07:15:00,0 days 01:30:00,,60729.47538374426,60738.76830731627,60718.91747133817,60733.56207971849,52.91652549695603,43.998747528336665,137.9266345,117.1252685,179.50784109825634,155.39770253221852
17,3521,3569,56149.99,57061.764534732414,55542.12364351173,57061.764534732414,13575.567263360625,1924.599827090451,0.014221957656585137,2024-08-06 14:15:00,2024-08-07 02:15:00,0 days 12:00:00,,55447.48401212096,56565.952879450706,55311.85597980159,56395.70585724084,63.572102817117226,62.58564872510373,699.8233265,412.05021500000004,511.36503775878407,434.0098994944798
17,3661,3662,55890.15,56541.74304387467,55455.75463741689,56541.74304387467,9165.739564123443,1911.3421817458693,0.009646800927011139,2024-08-08 01:15:00,2024-08-08 01:30:00,0 days 00:15:00,,55347.4829910495,55747.29439283961,55284.589336630655,55472.039396936954,55.74725102645294,73.17854419010665,398.4670275,436.0887885,360.9742686655026,462.11610661796664
16,3840,3840,60732.0,60290.70064346996,60290.70064346996,61393.97403479507,-8997.152914776194,1936.3632102955194,-0.00925907358844618,2024-08-09 22:00:00,2024-08-09 22:00:00,0 days 00:00:00,,60448.03710380277,60448.03710380277,60427.72348656859,60427.72348656859,49.1563845394784,49.1563845394784,253.330533,253.330533,380.9593830292013,380.9593830292013
16,3878,3886,60628.01,60938.80003740752,60420.79997506166,60938.80003740752,3027.571637921767,1945.0689605985203,0.003121052915477675,2024-08-10 07:30:00,2024-08-10 09:30:00,0 days 02:00:00,,60540.477045265645,60792.95038269065,60502.53872515032,60675.693925632266,60.161549749096544,66.99436595133822,73.515847,87.13250899999998,169.03406691657636,162.19542882728297
16,3920,3920,60767.81,61021.772668012,60598.484887992,61021.772668012,2114.769365503895,1948.633322688192,0.002175050990713537,2024-08-10 18:00:00,2024-08-10 18:00:00,0 days 00:00:00,,60765.45700614585,60765.45700614585,60713.02525799934,60713.02525799934,69.14437675500136,69.14437675500136,112.866107,112.866107,163.97121762523807,163.97121762523807
16,3945,3945,61198.84,61033.57206940481,61033.57206940481,61446.74189589278,-4600.005482633512,1955.7185931104768,-0.004697807060797119,2024-08-11 00:15:00,2024-08-11 00:15:00,0 days 00:00:00,,60984.63371970767,60984.63371970767,60956.87085918436,60956.87085918436,54.39984030077465,54.39984030077465,71.92795,71.92795,145.10089867485033,145.10089867485033
16,4073,4075,58812.91,58428.71410268588,58428.71410268588,59389.203845971184,-8023.000342668937,1875.865985642974,-0.00852597705872414,2024-08-12 08:15:00,2024-08-12 08:45:00,0 days 00:30:00,,58589.648989542635,58541.80215330729,58564.239920673754,58547.31009973038,53.99708092917974,43.18645951130126,284.073657,295.0105105,311.53658720735507,315.824047132872
16,4191,4193,59194.31,59675.19295606571,58873.721362622855,59675.19295606571,5792.215249754316,1901.9120472970512,0.006115679921087771,2024-08-13 13:45:00,2024-08-13 14:15:00,0 days 00:30:00,,59061.23375591812,59217.589203787604,59003.29536764514,59089.36798978937,63.21902833476893,62.15888330055202,279.06734,289.211574,265.66311225611975,270.1833978126749
16,4435,4474,58135.3,57737.93525288097,57737.93525288097,58731.37212067854,-8211.807717950644,1853.9717640460956,-0.008828336352816869,2024-08-16 02:45:00,2024-08-16 12:30:00,0 days 09:45:00,,57738.29438365502,58209.29021767687,57638.02132400193,58292.94746151635,63.041100137253665,31.976803111231412,301.3714035,211.66065600000002,322.29450669924825,232.83743150730507
16,4765,4765,58571.66,58890.107354201,58359.34509719934,58890.107354201,3215.7693895486973,1879.388277667216,0.0034314476804446713,2024-08-19 13:15:00,2024-08-19 13:15:00,0 days 00:00:00,,58454.37854027698,58454.37854027698,58407.33841494674,58407.33841494674,62.74386548072736,62.74386548072736,287.125975,287.125975,189.17641288146723,189.17641288146723
16,4955,4958,59552.0,59362.39924718987,59362.39924718987,59836.401129215206,-4936.242432917161,1902.6303879550378,-0.005180601021919039,2024-08-21 12:45:00,2024-08-21 13:30:00,0 days 00:45:00,,59429.25279554303,59357.395991318044,59412.96660949106,59385.06607775436,54.79102037206441,35.775965577213924,182.13594600000002,202.97419749999997,157.8805825316526,190.11409614505916
16,4960,4960,59928.01,59621.27543572408,59621.27543572408,60388.086846413884,-6820.541595386379,1912.7885669715852,-0.0071132655616572196,2024-08-21 14:00:00,2024-08-21 14:00:00,0 days 00:00:00,,59486.815434443546,59486.815434443546,59444.74973368128,59444.74973368128,52.55655683871007,52.55655683871007,317.984157,317.984157,293.2599604516073,293.2599604516073
15,5098,5098,60679.98,60954.99855740372,60496.63429506419,60954.99855740372,2300.7536826946966,1824.524678361056,0.0025277460349578053,2024-08-23 00:30:00,2024-08-23 00:30:00,0 days 00:00:00,,60552.39753227607,60552.39753227607,60503.64910865701,60503.64910865701,63.684974346157354,63.684974346157354,133.57009200000002,133.57009200000002,168.16108120032857,168.16108120032857
14,5266,5266,64400.0,64177.864934342084,64177.864934342084,64733.202598486874,-4909.981028291615,1800.0901090807893,-0.005445852959507103,2024-08-24 18:30:00,2024-08-24 18:30:00,0 days 00:00:00,,64156.95409578964,64156.95409578964,64141.4489495564,64141.4489495564,51.33219386143672,51.33219386143672,187.16718050000003,187.16718050000003,197.24737223529073,197.24737223529073
14,5342,5346,64069.2,64250.63003965875,63948.22997356084,64250.63003965875,743.5429346672718,1796.4776205552225,0.0008289507223296776,2024-08-25 13:30:00,2024-08-25 14:30:00,0 days 01:00:00,,63942.1883610691,64070.048160693914,63932.82158428143,64002.5681266863,53.27654219193579,63.55781500756962,109.36365500000001,111.25386500000002,106.17216331601912,110.15926583894296
15,5616,5616,60200.11,59884.53111154473,59884.53111154473,60673.50333268291,-6534.952943502185,1801.2696166731712,-0.007236922483477421,2024-08-28 10:00:00,2024-08-28 10:00:00,0 days 00:00:00,,59530.02127494461,59530.02127494461,59379.78419584097,59379.78419584097,63.5201060328539,63.5201060328539,399.77444649999995,399.77444649999995,273.6992589237204,273.6992589237204
15,5797,5818,59423.0,59756.99379102242,59200.33747265172,59756.99379102242,3222.206958470934,1787.6999068653363,0.003614994147575767,2024-08-30 07:15:00,2024-08-30 12:30:00,0 days 05:15:00,,59224.62085421162,59540.35979473694,59150.1606719159,59474.54871092865,65.18446471135555,61.45858623840843,222.11414599999998,246.18659000000002,186.2883842575962,197.7441733259821
16,6089,6090,57833.01,58187.41138796542,57596.742408023056,58187.41138796542,3814.0954652392056,1856.3267422074468,0.004121884138097804,2024-09-02 08:15:00,2024-09-02 08:30:00,0 days 00:15:00,,57759.005504009314,57836.68440320746,57695.481752718966,57736.56522974451,65.09544255755877,64.52732602959838,208.5124325,223.6766405,213.09968426787282,211.80684967731048
16,6173,6176,59247.99,59042.72414055203,59042.72414055203,59555.91378917195,-5176.905177416278,1892.6514262488326,-0.00546105570144266,2024-09-03 05:15:00,2024-09-03 06:00:00,0 days 00:45:00,,59205.29484805603,59149.4088022047,59199.79486855212,59174.835205523756,53.016903595757015,42.04190929104245,214.5321125,215.955799,162.65870076330728,158.49760771756044
16,6307,6307,57089.88,57545.27446021915,56786.26702652057,57545.27446021915,5452.148892142974,1834.1624713635065,0.00596882154523587,2024-09-04 14:45:00,2024-09-04 14:45:00,0 days 00:00:00,,56808.595633890116,56808.595633890116,56690.90754323405,56690.90754323405,71.29096270348757,71.29096270348757,374.54518,374.54518,274.0523009067038,274.0523009067038
16,6447,6468,56501.01,56234.65841005535,56234.65841005535,56900.512384916976,-6065.396133675289,1803.7706945608857,-0.006709389059677093,2024-09-06 01:45:00,2024-09-06 07:00:00,0 days 05:15:00,,56296.243048507145,56388.520539441844,56239.29723659723,56447.56965967748,61.94793549246973,39.72626909718901,163.2391695,166.2116575,217.74051602859691,173.485301543899
16,6491,6493,56500.01,56978.58843889824,56180.94104073451,56978.58843889824,5841.597447349398,1815.657575022372,0.006461942935219672,2024-09-06 12:45:00,2024-09-06 13:15:00,0 days 00:30:00,,56230.454344642465,56429.30438057118,56127.936892279664,56241.94949775178,71.1941339501668,66.46107366097503,455.81342450000005,476.9938175000001,283.2830041935334,277.9047842280976
17,6704,6705,54510.0,54304.854709185754,54304.854709185754,54817.74293622138,-5337.322473898332,1849.8525300561578,-0.0057596797931284294,2024-09-08 18:00:00,2024-09-08 18:15:00,0 days 00:15:00,,54211.583004471286,54227.26840357703,54182.36780543211,54192.153459483736,56.02108747944423,53.07266064790618,213.60573199999996,211.4525195,172.25754646340786,171.95343600173587
17,6761,6764,55144.03,55464.00411996924,54930.713920020506,55464.00411996924,3559.223459437662,1880.3365800394772,0.0037967135490327535,2024-09-09 08:15:00,2024-09-09 09:00:00,0 days 00:45:00,,54985.79927996313,55127.660511341135,54928.48817022663,55013.65173570745,63.03835916228795,66.74865857280822,208.10754300000002,206.74147100000005,174.20029998413182,182.03799528612856
16,7144,7147,58109.31,57965.61612822472,57965.61612822472,58324.850807662915,-4156.300766456047,1857.1988180515955,-0.0044703473144578985,2024-09-13 08:00:00,2024-09-13 08:45:00,0 days 00:45:00,,57976.37966189402,57985.158866889746,57957.69359131684,57967.724967180184,57.39678443639274,48.95904058765406,139.69080300000002,129.7386075,118.27811506420464,115.75931807436511
16,7169,7170,58221.1,58001.22091141576,58001.22091141576,58550.91863287636,-5377.622551930477,1859.5571345826522,-0.00577284540305237,2024-09-13 14:15:00,2024-09-13 14:30:00,0 days 00:15:00,,58019.62199019453,58076.89559215563,58009.26549829072,58036.240452991566,52.43872080537961,59.06922020045862,290.87151650000004,314.4280105,187.71596140447235,209.99482130415308
15,7290,7309,60004.5,60227.447386062144,59855.85174262524,60227.447386062144,1540.7315801412246,1803.479210790932,0.0017117955932652593,2024-09-14 20:30:00,2024-09-15 01:15:00,0 days 04:45:00,,59870.66526673056,60073.16434026714,59852.30350729331,60016.42096884232,56.6945474884743,65.32546986574812,134.9046275,72.0282415,121.69555630190109,91.02575833581176
15,7357,7357,60174.04,60300.48670464416,60089.75886357056,60300.48670464416,89.5826690926906,1807.1179005696622,9.924841243025805e-05,2024-09-15 13:15:00,2024-09-15 13:15:00,0 days 00:00:00,,60083.58497615517,60083.58497615517,60066.398458542666,60066.398458542666,63.15243875848584,63.15243875848584,92.21570399999999,92.21570399999999,77.86385557039851,77.86385557039851
14,7797,7799,63175.24,63524.518001865545,62942.40466542297,63524.518001865545,3116.095414091536,1773.7966120261176,0.003523187942992836,2024-09-20 03:15:00,2024-09-20 03:45:00,0 days 00:30:00,,63059.53719429306,63245.924604347565,63011.95607177929,63108.026175024206,61.92527947578739,73.66129455478321,188.25402799999998,198.7058615,196.0350803274641,203.25279885378296
15,7869,7884,63289.58,63023.26975453573,63023.26975453573,63689.045368196406,-5889.346428282119,1894.692746318036,-0.006203597736291032,2024-09-20 21:15:00,2024-09-21 01:00:00,0 days 03:45:00,,62974.66853601801,63133.66174376645,62933.708542173496,63097.20638664946,58.804713041828215,47.81443521297929,187.25469850000002,103.29446300000001,213.22340422830484,162.14212313590446
14,7974,7975,63288.0,63415.16814261551,63203.22123825633,63415.16814261551,6.509642620549357,1773.8443539966172,7.3469610810043655e-06,2024-09-21 23:30:00,2024-09-21 23:45:00,0 days 00:15:00,,63215.48329681878,63242.17863745503,63192.20253794724,63206.45321631567,64.54958978838432,63.5678822094137,54.656187,70.453655,72.78547039688927,84.67507965425418
15,8045,8055,62952.01,63204.365256829864,62783.75649544675,63204.365256829864,1892.9832235954805,1892.345628852448,0.002004683910379329,2024-09-22 17:15:00,2024-09-22 19:45:00,0 days 02:30:00,,62792.38157615378,62966.68575954096,62750.32800322701,62891.755222815955,60.09031041495017,63.27441795395935,156.76827200000002,133.91981350000003,137.86699757096264,137.2267249999386
14,8067,8067,63500.76,63935.60920513111,63210.84386324592,63935.60920513111,4303.779702963724,1784.1091688718357,0.004841089081862541,2024-09-22 22:45:00,2024-09-22 22:45:00,0 days 00:00:00,,63228.68688299564,63228.68688299564,63097.90717069602,63097.90717069602,69.5610069397362,69.5610069397362,243.98786400000003,243.98786400000003,259.9928439168452,259.9928439168452
14,8239,8242,63817.99,63559.1246927592,63559.1246927592,64206.3129608612,-5407.393907069799,1783.279605698629,-0.006052249873954948,2024-09-24 17:45:00,2024-09-24 18:30:00,0 days 00:45:00,,63483.523645956455,63583.63930672972,63395.11123237604,63465.74140674383,63.77391439741579,62.136579623425284,355.3860315,364.326672,216.85303536490576,228.31749588072051
14,8471,8489,65286.0,65611.69675318521,65068.86883120985,65611.69675318521,2727.1867900483935,1832.5677545445928,0.0029837799288059174,2024-09-27 03:45:00,2024-09-27 08:15:00,0 days 04:30:00,,65123.6156617653,65468.67318375591,65084.88586161827,65365.438593509396,62.17006918114186,63.71542656757436,153.36970649999998,226.20990550000005,179.8110234685633,158.4258927363687
14,8507,8510,65790.93,65590.82614197208,65590.82614197208,66091.06078704189,-4640.798598378388,1839.3445859876092,-0.005038469803814623,2024-09-27 12:45:00,2024-09-27 13:30:00,0 days 00:45:00,,65587.2644543762,65574.20980064062,65544.60806352411,65550.9030529858,60.67936372163103,45.7471741984735,268.99962400000004,269.8192325,168.975961569227,176.02041456544822
14,8625,8635,65793.86,65677.83772835443,65677.83772835443,65967.89340746836,-3464.9155712350193,1840.603768196962,-0.0037616575372523713,2024-09-28 18:15:00,2024-09-28 20:45:00,0 days 02:30:00,,65680.59958738988,65714.9145685501,65659.30601443377,65699.06150408475,56.733305300160666,45.57787034811529,110.16560449999997,99.143289,93.57056734479201,68.48894545292869
15,9134,9159,61076.0,61467.89928061113,60814.717146259245,61467.89928061113,4040.330719957743,1838.1584892091669,0.004410167354288412,2024-10-04 01:30:00,2024-10-04 07:45:00,0 days 06:15:00,,60811.23435977347,61272.786509480655,60773.407543518355,61158.7825667107,60.69952990075632,65.75917850144178,137.79219600000002,134.471703,220.42256539462957,151.0986535572337
14,9473,9473,63909.82,64306.16324466063,63645.574503559576,64306.16324466063,3753.7816598235877,1795.0237654252487,0.004195400040494098,2024-10-07 14:15:00,2024-10-07 14:15:00,0 days 00:00:00,,63479.12606365856,63479.12606365856,63311.564361416284,63311.564361416284,73.64077194660715,73.64077194660715,404.9876975000001,404.9876975000001,250.81008653127878,250.81008653127878
15,9615,9620,62429.11,62234.62552518899,62234.62552518899,62720.86171221652,-4787.2231550430115,1869.9560328778348,-0.005112169792845102,2024-10-09 01:45:00,2024-10-09 03:00:00,0 days 01:15:00,,62287.68165336487,62285.65702817462,62263.879791292275,62273.7854234325,56.6131777111629,48.2004822394773,127.69847550000001,124.35733050000002,161.856676937094,146.74706100881443
14,10102,10102,63330.0,63651.987075618665,63115.34194958756,63651.987075618665,2730.0712396026443,1777.7478190586612,0.003079189776457423,2024-10-14 03:30:00,2024-10-14 03:30:00,0 days 00:00:00,,63034.19829944272,63034.19829944272,62848.148757858224,62848.148757858224,79.31380139801895,79.31380139801895,221.57258050000002,221.57258050000002,232.30730091439,232.30730091439
14,10315,10320,67214.4,67572.02575583023,66975.98282944651,67572.02575583023,3119.750621041616,1887.009960581623,0.0033153510270775926,2024-10-16 08:45:00,2024-10-16 10:00:00,0 days 01:15:00,,67081.39841602139,67313.4271065619,67071.98979436024,67196.67518975992,52.59434044255392,67.24329263176236,210.47184300000004,250.13012100000003,194.35376292829136,194.51735755365056
13,10379,10379,67897.99,67701.68126733616,67701.68126733616,68192.47809899577,-4314.809251105404,1762.79572647537,-0.004888339167789539,2024-10-17 00:45:00,2024-10-17 00:45:00,0 days 00:00:00,,67736.11752568961,67736.11752568961,67731.48599617061,67731.48599617061,49.0615621737904,49.0615621737904,110.41296200000002,110.41296200000002,167.97401932320915,167.97401932320915
13,10384,10385,67893.98,67679.17255666731,67679.17255666731,68216.19116499902,-4554.947746561564,1762.4509832366753,-0.005160701963404547,2024-10-17 02:00:00,2024-10-17 02:15:00,0 days 00:15:00,,67720.50451081798,67688.40560865439,67722.51577343239,67707.74252130216,48.49429343353902,44.28815615715214,124.432779,129.5630815,182.25433115028795,181.6647360681245
13,10439,10442,67471.19,67152.87021780806,67152.87021780806,67948.6446732879,-5888.269951326799,1750.1127828315048,-0.00671314441630204,2024-10-17 15:45:00,2024-10-17 16:30:00,0 days 00:45:00,,67252.33985978669,67292.06648821078,67176.6586143707,67215.33123544004,64.30940299419015,54.908690656053516,429.43930900000004,430.145773,262.2661409818565,261.2013380966259
13,10465,10477,67334.0,67681.49473908187,67102.32017394542,67681.49473908187,2762.230176456254,1755.2014316080645,0.0031556010981493455,2024-10-17 22:15:00,2024-10-18 01:15:00,0 days 03:00:00,,67142.3669114849,67413.01983489793,67107.58532580237,67312.21104220967,58.15079125537055,65.17527126468579,215.051487,166.09653450000002,187.2918892089015,181.17762844818233
13,10517,10518,68019.99,67836.15837956594,67836.15837956594,68295.7374306511,-4155.940994577219,1766.1299289343574,-0.00469990908280986,2024-10-18 11:15:00,2024-10-18 11:30:00,0 days 00:15:00,,67900.06486105121,67874.85388884097,67897.70182953593,67886.45711775994,48.47422284979516,45.509086384961485,266.160533,265.0325305,155.71780152636344,153.54295856019493
13,10527,10527,68181.08,67982.0667954163,67982.0667954163,68479.62480687557,-4357.292567928629,1770.120908340412,-0.004915973043828681,2024-10-18 13:45:00,2024-10-18 13:45:00,0 days 00:00:00,,67935.11854921542,67935.11854921542,67888.87364847817,67888.87364847817,62.978848648729205,62.978848648729205,238.53235300000003,238.53235300000003,178.55105116596687,178.55105116596687
13,10581,10583,68605.99,68465.37191588775,68465.37191588775,68816.94212616837,-3609.962798365856,1781.9277049065408,-0.004047597681020875,2024-10-19 03:15:00,2024-10-19 03:45:00,0 days 00:30:00,,68471.6113975713,68473.11489444564,68445.45343096553,68451.03762889713,55.4615596240213,50.097476437958385,86.2279795,84.20252599999999,120.11649365828465,113.63437463392901
13,10692,10715,68400.01,68324.66262185024,68324.66262185024,68513.03106722463,-2756.9366600309277,1777.420744084053,-0.0031004681252475193,2024-10-20 07:00:00,2024-10-20 12:45:00,0 days 05:45:00,,68289.66844951456,68382.26022835106,68254.4496649921,68381.51507350453,65.82387417499196,38.09761281605955,67.3893565,75.1427285,63.26166166350046,51.341925941134384
13,10720,10720,68451.85,68570.70539661206,68372.6130689253,68570.70539661206,-236.1730641992733,1781.2932201559568,-0.000265400552133472,2024-10-20 14:00:00,2024-10-20 14:00:00,0 days 00:00:00,,68419.39028922611,68419.39028922611,68394.70886955343,68394.70886955343,68.0945381845967,68.0945381845967,103.44030850000001,103.44030850000001,76.61143476018509,76.61143476018509
13,10840,10852,67763.99,67481.74472666778,67481.74472666778,68184.88290999834,-5427.383104765645,1758.1945514466813,-0.006160956697781447,2024-10-21 20:00:00,2024-10-21 23:00:00,0 days 03:00:00,,67548.16445950515,67708.02245664354,67512.95330792628,67665.55141056205,53.54560756606283,46.096786779765054,375.81127349999997,190.04539799999998,229.7765805547005,186.44831164533025
13,10915,10920,67452.05,67102.85231008052,67102.85231008052,67975.8215348792,-6288.783698984354,1749.213730031047,-0.007171799704079688,2024-10-22 14:45:00,2024-10-22 16:00:00,0 days 01:15:00,,67264.28613149485,67288.78638036826,67221.27966137178,67255.91523056162,57.62081430354816,48.81838877041082,378.6172995,359.338673,294.9669029138797,288.4470419758197
13,11350,11378,67189.99,67092.74273043733,67092.74273043733,67335.88590434402,-3009.8900298105045,1745.6755254956854,-0.0034459002344414493,2024-10-27 03:30:00,2024-10-27 10:30:00,0 days 07:00:00,,67101.43865868218,67144.5654642753,67089.71443564644,67159.44609112867,59.07983789008439,41.865254391622756,55.4414825,54.108113,80.25717287587831,56.51932254975112
13,11386,11386,67369.66,67492.56039199105,67287.70973867262,67492.56039199105,-155.5037692122794,1753.2088650958838,-0.00017755512497672236,2024-10-27 12:30:00,2024-10-27 12:30:00,0 days 00:00:00,,67230.51412292289,67230.51412292289,67189.31167452944,67189.31167452944,69.39852271803545,69.39852271803545,79.10754150000001,79.10754150000001,72.71686888427509,72.71686888427509
12,11647,11654,72479.98,72264.3234519178,72264.3234519178,72803.43982212333,-4324.810218409447,1736.9316414230136,-0.004972419301635014,2024-10-30 05:45:00,2024-10-30 07:30:00,0 days 01:45:00,,72409.11678784231,72352.68882600973,72392.49676786747,72375.02186461411,55.1157111918909,42.9635159510186,210.102445,190.3242225,176.7414955398097,158.93098536127926
12,11706,11707,72303.16,72820.54946019246,71958.2503598717,72820.54946019246,4467.189008787149,1741.4845135223095,0.00514867885072052,2024-10-30 20:30:00,2024-10-30 20:45:00,0 days 00:15:00,,72094.4914310792,72247.02114486336,72042.96302693804,72116.97911539822,61.14103078948917,68.28889425831468,302.00165450000003,330.466268,290.11995962309163,299.47067679287073
12,11751,11753,72443.96,72283.97024362432,72283.97024362432,72683.94463456352,-3656.612239431678,1736.735162923492,-0.004206253863252453,2024-10-31 07:45:00,2024-10-31 08:15:00,0 days 00:30:00,,72338.65769708775,72312.10292613617,72325.13396489693,72315.18600404705,56.04972953468084,44.723109509336595,144.201345,146.84224450000002,128.6573114811795,131.8116614302007
12,12298,12298,70319.98,70977.33051246755,69881.74632502162,70977.33051246755,6192.63842346108,1695.5677261496107,0.007338642615585101,2024-11-06 00:30:00,2024-11-06 00:30:00,0 days 00:00:00,,69995.93885674802,69995.93885674802,69764.52994578349,69764.52994578349,72.70143444701657,72.70143444701657,533.4105935,533.4105935,404.1986770665993,404.1986770665993
12,12398,12402,75536.0,75181.86579280568,75181.86579280568,76067.20131079147,-6058.22487584553,1808.6143895136681,-0.006683595543676243,2024-11-07 01:30:00,2024-11-07 02:30:00,0 days 01:00:00,,75452.06146095725,75328.6311744081,75456.68841679805,75392.45375438701,49.86536877805451,43.17138197495641,494.3012190500001,401.22363000000007,319.0631365194111,289.87630992635616
12,12453,12454,75225.01,75685.1751530596,74918.23323129359,75685.1751530596,3711.0596148784743,1810.922221836715,0.004111065826465582,2024-11-07 15:15:00,2024-11-07 15:30:00,0 days 00:15:00,,74989.81331448178,75124.64465158543,74933.66534043812,75000.05667312555,63.74656404193848,68.61905380208226,348.3384485,375.7072665,255.52392816566805,276.8886475824054
11,12511,12516,76037.56,75800.20112459005,75800.20112459005,76393.57331311492,-4281.1630018799115,1670.2153723704905,-0.005118478769367894,2024-11-08 05:45:00,2024-11-08 07:00:00,0 days 01:15:00,,75939.17245181218,75886.31002580983,75925.22226362467,75905.15225215904,52.1664747427674,42.05269385900945,230.060061,204.18388900000005,191.66282025769635,174.52406410264538
11,12519,12520,76100.0,75876.02065204072,75876.02065204072,76435.9940219389,-4135.509054724497,1671.736227172448,-0.0049402807964693644,2024-11-08 07:45:00,2024-11-08 08:00:00,0 days 00:15:00,,75987.18313321465,75958.63050657173,75950.32354782797,75940.69595257087,59.0800344586097,46.49096969297976,300.1001225,290.881403,183.18651925419508,195.5681964503239
11,12544,12544,76268.13,76055.90894707057,76055.90894707057,76586.46157939416,-4009.996010641604,1675.5644284177763,-0.004779782746430405,2024-11-08 14:00:00,2024-11-08 14:00:00,0 days 00:00:00,,76045.00250483488,76045.00250483488,76020.85167463553,76020.85167463553,50.926305416942355,50.926305416942355,239.3971855,239.3971855,183.77724333825444,183.77724333825444
11,12550,12551,76399.21,76091.4072198843,76091.4072198843,76860.91417017356,-5063.227370691432,1677.3967894187274,-0.006024844986428318,2024-11-08 15:30:00,2024-11-08 15:45:00,0 days 00:15:00,,76079.28105022745,76148.96884018197,76035.57025528645,76071.22023207859,56.95315788493597,59.88544582334447,457.5402605,498.36778849999996,261.0807227085821,280.5835282293973
11,12607,12610,76590.0,76421.23777072002,76421.23777072002,76843.14334391996,-3539.508137557687,1683.1236154779203,-0.004201246468869282,2024-11-09 05:45:00,2024-11-09 06:30:00,0 days 00:45:00,,76444.10000509964,76513.99400261103,76417.12230317619,76461.80271463275,57.79099342459757,51.35759698914458,140.2015595,160.522788,140.61696313331285,155.43874562823936
11,12661,12662,76497.99,76328.01991149914,76328.01991149914,76752.97013275129,-3550.757082535997,1681.0861090264907,-0.004219667711692365,2024-11-09 19:15:00,2024-11-09 19:30:00,0 days 00:15:00,,76302.22064667393,76267.02451733914,76275.37763213397,76261.81966557633,53.75958161286417,43.69938435905269,224.94168400000004,223.00840200000005,144.53221133995194,151.79491052995584
10,12770,12771,80849.72,80272.70313692754,80272.70313692754,81715.27029460868,-7381.392862093931,1611.2242313692755,-0.009129769233701684,2024-11-10 22:30:00,2024-11-10 22:45:00,0 days 00:15:00,,80037.19427273118,80152.55741818495,79909.11062403522,79973.19238548656,57.90813236649069,60.25676103071625,900.2714303,848.5244333499999,502.36316785368365,509.68079872127754
10,12809,12816,81224.0,81835.32401604063,80816.45065597292,81835.32401604063,4482.64692024587,1630.5932401604064,0.005518869940222047,2024-11-11 08:15:00,2024-11-11 10:00:00,0 days 01:45:00,,81040.85064029713,81509.92229620006,81017.27329877284,81283.69246084042,52.13428817744364,70.02966030919818,396.69429675,480.29372010000003,331.87270668762227,319.71845337580675
9,13096,13111,90769.42,91601.2402309411,90214.8731793726,91601.2402309411,5845.046136391421,1641.33594207847,0.007154937981427639,2024-11-14 08:00:00,2024-11-14 11:45:00,0 days 03:45:00,,90294.42337283486,91092.01071893328,90080.74450063347,90805.96620923275,67.31859999534885,62.666088755488126,411.02762950000005,510.97549200000003,487.55218262834524,506.0382565678873
9,13197,13206,88805.08,89551.30378159032,88307.59747893979,89551.30378159032,5110.806580278575,1605.2074540343128,0.006394537314855569,2024-11-15 09:15:00,2024-11-15 11:30:00,0 days 02:15:00,,88293.18326351662,89165.59313293893,88088.80995472224,88771.03744332466,67.0128279696509,65.35524352334727,442.7211295000001,435.904972,433.76599843945235,371.26350601544027
9,13292,13301,91425.98,91145.04381036722,91145.04381036722,91847.38428444917,-4171.564920988285,1643.139214293305,-0.0050697538428698015,2024-11-16 09:00:00,2024-11-16 11:15:00,0 days 02:15:00,,91290.42216941391,91340.5710249876,91268.79424713294,91316.68898193134,55.51207240781641,47.442257258493626,193.91401900000002,227.53356000000002,226.17395626346269,211.18997212806008
9,13511,13515,91887.98,91180.09553591101,91180.09553591101,92949.83169613351,-8018.572856624086,1647.612679823199,-0.00969607275755651,2024-11-18 15:45:00,2024-11-18 16:45:00,0 days 01:00:00,,91046.52121561934,91445.40446591769,90844.87470645439,91134.45964650935,65.93252541721282,53.83037908547613,797.6867540000002,804.358146,610.2040495926817,603.8743336218395
9,13532,13540,91473.43,90711.30586303608,90711.30586303608,92616.59120544589,-8498.77985544258,1639.6626227673246,-0.010323313259675025,2024-11-18 21:00:00,2024-11-18 23:00:00,0 days 02:00:00,,91222.7707886961,91217.33930951168,91074.16110303285,91175.86098656464,60.0484546383451,46.838745340471085,653.043894,509.60156,634.7911774125635,507.00195585916396
9,13584,13593,91694.37,92265.32849110352,91313.74767259766,92265.32849110352,3482.9891335117477,1655.6372864199316,0.004220529489568666,2024-11-19 10:00:00,2024-11-19 12:15:00,0 days 02:15:00,,91581.29498857056,91856.84888473798,91570.0141497479,91723.8667901463,51.592388737428514,65.86619710283443,259.2540045,280.277598,315.89049144228954,283.7849593855502
9,13603,13612,91964.0,92753.92990983037,91437.39672677974,92753.92990983037,5446.907819284897,1662.4613691884733,0.006580966246798189,2024-11-19 14:45:00,2024-11-19 17:00:00,0 days 02:15:00,,91811.37963763745,92347.29040469958,91808.31221724753,92122.46646744329,50.62286358549098,59.96741971870717,619.120301,787.7254355,453.5283661823404,455.9329377929814
9,13723,13733,94470.76,93898.18341986027,93898.18341986027,95329.62487020956,-6848.509712036232,1695.3204907787426,-0.008054825890673308,2024-11-20 20:45:00,2024-11-20 23:15:00,0 days 02:30:00,,94062.40141991277,94122.11491062136,93980.09089289168,94093.46816294851,55.454954248724384,47.79551179263388,645.9837699999999,404.616237,475.7623536795401,377.58894479817974
8,14027,14028,97820.84,98225.5516358605,97551.04890942635,98225.5516358605,1669.3219537971004,1568.3711330868841,0.002133136908501707,2024-11-24 00:45:00,2024-11-24 01:00:00,0 days 00:15:00,,97795.47344986597,97901.80675989277,97772.16701523284,97822.61910475712,53.71615080681405,62.80428356266532,181.8536145,193.81564450000002,222.03893913437736,240.50044348192182
9,14364,14367,93499.99,94027.14453695729,93148.55364202848,94027.14453695729,3056.6466217829493,1687.7442108326156,0.0036323790240013446,2024-11-27 13:00:00,2024-11-27 13:45:00,0 days 00:45:00,,93393.21185870685,93695.34719165793,93355.30136462132,93513.91575103029,57.83420526429451,67.32990451079067,278.671831,294.6577495,303.0862293827247,316.5505670385735
9,14625,14627,96865.97,96624.89876928975,96624.89876928975,97227.57684606539,-3911.058895315869,1741.4178189236077,-0.004486220490844581,2024-11-30 06:15:00,2024-11-30 06:45:00,0 days 00:30:00,,96819.48801955734,96804.29073251669,96807.16948342764,96803.68684580797,51.095124415861285,43.65068531061157,198.7416565,197.52720050000002,212.0439285257942,224.9353261268326
9,14889,14894,95966.32,95551.99095631034,95551.99095631034,96587.8135655345,-5452.62619181377,1723.6647986067933,-0.0063131247988457906,2024-12-03 00:15:00,2024-12-03 01:30:00,0 days 01:15:00,,95700.3775926656,95712.40296156467,95670.90631431129,95698.67376875108,52.04649227956487,46.625473328526944,257.153082,237.302735,344.46247428366576,328.63975029787525
9,14899,14915,96144.0,95758.47712396113,95758.47712396113,96722.2843140583,-5196.828178465488,1727.1222941156502,-0.006005838670773355,2024-12-03 02:45:00,2024-12-03 06:45:00,0 days 04:00:00,,95826.98878804552,96005.41027284593,95753.92816539548,95974.11691089708,56.89628381213463,40.62728416740162,248.815035,190.2376395,310.321273125315,230.9271354194026
8,14950,14954,95879.99,95301.6273238566,95301.6273238566,96747.53401421511,-6156.3543477380435,1529.452938590853,-0.00802611987618329,2024-12-03 15:30:00,2024-12-03 16:30:00,0 days 01:00:00,,95196.67921043429,95449.34950059389,95045.49625831086,95236.62134165074,59.85281844934763,50.18165839761627,740.5253500000001,769.271348,486.0846898728692,501.3745053482684
8,15231,15240,98747.99,99490.09673581918,98253.25217612056,99490.09673581918,4350.949192666882,1585.9046938865536,0.00550764272855941,2024-12-06 13:45:00,2024-12-06 16:00:00,0 days 02:15:00,,98223.82612720515,99048.38648132102,98123.88710642495,98706.55380903523,58.36879993897615,60.84321093279025,379.11805350000003,527.7249635000001,413.623554192435,494.5783827033871
8,15378,15384,100181.86,99911.81485797066,99911.81485797066,100586.95271304401,-3761.11053509848,1600.7493988637652,-0.004692853745052331,2024-12-08 02:30:00,2024-12-08 04:00:00,0 days 01:30:00,,100000.30057533213,100010.4761732199,99951.8470811795,99982.9743095098,59.726042037351796,52.08869492161576,110.11533100000001,110.08670500000001,221.541955141752,201.00192850074777
8,15448,15452,100100.99,99782.02731178056,99782.02731178056,100579.40903232915,-4150.765644249785,1599.0641384942446,-0.005183222518890367,2024-12-08 20:00:00,2024-12-08 21:00:00,0 days 01:00:00,,99851.04220922533,99842.69007289872,99818.53902735011,99828.52906792576,56.57463849796833,47.58819707721949,142.46186550000002,128.418847,256.65791350313225,231.8716825687983
8,15499,15499,99449.46,98997.42279169908,98997.42279169908,100127.54081245138,-5203.872728741016,1587.5750623335925,-0.006540850911534611,2024-12-09 08:45:00,2024-12-09 08:45:00,0 days 00:00:00,,99245.58701973241,99245.58701973241,99290.33647619926,99290.33647619926,41.944361000674476,41.944361000674476,304.5600115,304.5600115,399.2270064233282,399.2270064233282
8,15613,15618,97629.06,97194.28276789463,97194.28276789463,98281.20084815806,-5036.804598986066,1558.5867421431572,-0.006448905427064997,2024-12-10 13:15:00,2024-12-10 14:30:00,0 days 01:15:00,,97443.10290523715,97737.13125918811,97422.2673748763,97588.55533711449,51.352919111805925,60.73815440313263,289.6435605,396.961508,360.5913105577243,411.3300516914633
8,15667,15690,97330.65,98345.49147376476,96654.10568415682,98345.49147376476,6553.322658328034,1565.409131790118,0.008416314206172587,2024-12-11 02:45:00,2024-12-11 08:30:00,0 days 05:45:00,,96557.16137906363,97804.34367047294,96446.12446000382,97533.23220013142,59.99445768617946,71.33395579605632,366.53446950000006,212.14561250000003,550.8177444024591,333.3950761952616
8,15764,15764,101824.77,101424.06375231296,101424.06375231296,102425.80437153055,-4831.640651514894,1625.9906700185038,-0.005931317904664682,2024-12-12 03:00:00,2024-12-12 03:00:00,0 days 00:00:00,,101050.14047948131,101050.14047948131,100972.80560842057,100972.80560842057,57.44075567404616,57.44075567404616,246.77320750000007,246.77320750000007,357.7604297578299,357.7604297578299
8,15879,15891,100078.69,100527.4417866347,99779.52214224353,100527.4417866347,1985.165238784557,1604.8490542930776,0.002479505425661252,2024-12-13 07:45:00,2024-12-13 10:45:00,0 days 03:00:00,,99926.34501190293,100191.63530171124,99891.42004992906,100089.2926683547,57.57534018017229,62.33569707460465,162.7338375,167.13775850000005,241.98679469250712,227.58740094353695
8,15944,15948,101424.24,101881.13303968718,101119.66130687522,101881.13303968718,2028.7013331798853,1626.4429843174976,0.0025002668656672563,2024-12-14 00:00:00,2024-12-14 01:00:00,0 days 01:00:00,,101305.04063896326,101429.61130171937,101294.2385888371,101355.16926769831,52.13901905301895,64.54945814882223,206.17479600000001,217.25975599999998,248.98577444179938,275.830978858606
8,16195,16196,105388.32,106062.59816207939,104938.80122528042,106062.59816207939,3702.617951338429,1691.6073452966352,0.004391636985173566,2024-12-16 14:45:00,2024-12-16 15:00:00,0 days 00:15:00,,104585.41478121572,104877.13182497259,104440.44675624704,104586.22432386094,68.09074401048693,73.27622785628998,416.48895550000003,454.3138670000001,410.3419090092048,446.1846297942616
8,16239,16246,106335.99,106986.44041532475,105902.37305645017,106986.44041532475,3497.0238792753207,1706.579443322598,0.004110818782139572,2024-12-17 01:45:00,2024-12-17 03:30:00,0 days 01:45:00,,106135.8973955779,106503.76656498112,106098.45262375638,106325.61237347293,56.62356784316969,64.6033402765169,222.81259450000002,229.353412,350.8932301278431,328.49613048734125
8,16698,16699,97826.37,97360.24126001244,97360.24126001244,98525.56310998133,-5290.522809980565,1561.4928900800996,-0.006760092920217406,2024-12-21 20:30:00,2024-12-21 20:45:00,0 days 00:15:00,,97476.19041774863,97472.33433419891,97457.8217219962,97457.73883817835,50.91584648765537,49.48452379383075,196.419703,190.7907735,382.90914403799013,371.47134803527643
8,16751,16768,97190.0,96812.63692882517,96812.63692882517,97756.04460676224,-4570.925664829213,1552.0210954306012,-0.005878852846009433,2024-12-22 09:45:00,2024-12-22 14:00:00,0 days 04:15:00,,96708.03153500012,97007.63205598132,96636.1773322337,96976.01809494087,55.945717439692714,43.3853274701027,177.454313,134.9782095,314.60070983766343,268.6054224421765
8,17041,17041,98625.34,99056.96125888589,98337.59249407607,99056.96125888589,1871.5116610160385,1581.4584100710872,0.0023719964628461368,2024-12-25 10:15:00,2024-12-25 10:15:00,0 days 00:00:00,,98363.2133229193,98363.2133229193,98247.48624558756,98247.48624558756,68.47945947320372,68.47945947320372,126.553422,126.553422,275.61247482208705,275.61247482208705
8,17051,17051,98528.58,98077.28933012892,98077.28933012892,99208.56600480662,-5183.172313609725,1572.8469546410315,-0.006575721878882359,2024-12-25 12:45:00,2024-12-25 12:45:00,0 days 00:00:00,,98319.3825029001,98319.3825029001,98319.48659262559,98319.48659262559,47.69181261915814,47.69181261915814,216.77133249999997,216.77133249999997,388.5542088288137,388.5542088288137
8,17161,17166,96339.01,95794.61371107025,95794.61371107025,97155.57943339461,-5892.239301126481,1537.068989688562,-0.007645188720963732,2024-12-26 16:15:00,2024-12-26 17:30:00,0 days 01:15:00,,95931.37556675122,96129.50735371304,95928.4379752795,96051.17845718404,48.438720041195616,50.271378669937235,265.50253250000003,275.15799300000003,467.20843786230085,464.7000744094867
8,17199,17203,96193.36,95792.72985480087,95792.72985480087,96794.2802177987,-4740.929880431457,1535.888718838407,-0.006160677151249608,2024-12-27 01:45:00,2024-12-27 02:45:00,0 days 01:00:00,,95857.39070279036,96058.46507186294,95805.89251687967,95935.0651006623,52.323800661857064,53.275537283338714,141.087469,159.8575725,336.51796949932907,348.56519488937727
8,17229,17230,97298.55,96690.26916577833,96690.26916577833,98210.9462513325,-6418.1572270996185,1551.9105533262268,-0.008245443055291684,2024-12-27 09:15:00,2024-12-27 09:30:00,0 days 00:15:00,,96292.17954892523,96412.14363914018,96156.59050557786,96223.44591416168,58.18815587370659,58.403411330550405,370.35305150000005,371.70655050000005,506.3207645762888,496.94570996369623
8,17487,17499,93783.01,93397.00582101697,93397.00582101697,94361.99126847454,-4585.473558432363,1497.4401265681358,-0.006111812734567176,2024-12-30 01:45:00,2024-12-30 04:45:00,0 days 03:00:00,,93706.71674233055,93626.237631893,93671.69506910535,93670.12610057928,55.83427586578327,40.341230225384784,247.15807650000005,173.1208165,335.8188289749611,303.3246682749315
8,17601,17609,92840.26,93367.11484501095,92489.0067699927,93367.11484501095,2725.1797613275285,1489.6589987600876,0.0036691783302411087,2024-12-31 06:15:00,2024-12-31 08:15:00,0 days 02:00:00,,92663.22768341893,93080.21898644621,92641.46273619476,92868.04870637076,54.17488826306001,77.93359159817406,115.05385850000002,139.21988850000002,282.64249941041027,300.51237386498366
8,17677,17679,94153.04,93738.78087584239,93738.78087584239,94774.45368623642,-4817.207560267547,1503.134567006739,-0.006395448782465674,2025-01-01 01:15:00,2025-01-01 01:45:00,0 days 00:30:00,,93898.68020542985,93844.4057314751,93896.53113792636,93872.47647762508,47.849389320409045,44.14788423083369,133.24322650000002,116.608224,344.383250836248,333.964894853703
8,17722,17725,93888.3,93620.78335497156,93620.78335497156,94289.59996754266,-3640.205827067333,1500.0726668397724,-0.004846458274177072,2025-01-01 12:30:00,2025-01-01 13:15:00,0 days 00:45:00,,93579.77801903007,93653.06442574342,93541.09657633223,93588.88968920529,57.288462935760094,54.64273237063794,120.0875665,110.59322850000002,217.09323722438975,213.10869613046177
8,18074,18076,98487.17,98332.11000533942,98332.11000533942,98719.73499199087,-2815.034197327354,1574.5542400427153,-0.0035728437995113495,2025-01-05 04:30:00,2025-01-05 05:00:00,0 days 00:30:00,,98279.11156698245,98299.55100286877,98245.56240774185,98261.45265102634,58.48257970539084,54.01516120906592,55.119962,51.232771,126.80059110639993,117.78178518868155
8,18119,18126,98090.37,97854.93900692931,97854.93900692931,98443.51648960602,-3451.0104166208775,1567.5624720554345,-0.004397743652894821,2025-01-05 15:45:00,2025-01-05 17:30:00,0 days 01:45:00,,97880.40357557329,97960.46408642808,97842.44888355491,97920.74658483465,57.06221365909961,47.08085182944042,102.70128200000002,117.24686650000002,194.14374463802733,186.37834806101063
8,18160,18160,98759.42,99205.32386283015,98462.1674247799,99205.32386283015,1983.5129517385553,1583.7179509026414,0.0025105364021713377,2025-01-06 02:00:00,2025-01-06 02:00:00,0 days 00:00:00,,98512.30381948734,98512.30381948734,98410.30343876104,98410.30343876104,68.15891189590772,68.15891189590772,153.5670835,153.5670835,275.8617546346042,275.8617546346042
7,18277,18278,101868.01,101665.00309868639,101665.00309868639,102172.49535197043,-2845.7794008860674,1424.7310916908048,-0.003990849673143684,2025-01-07 07:15:00,2025-01-07 07:30:00,0 days 00:15:00,,101792.50772687304,101783.74818149843,101793.86629380287,101789.76117618443,49.150245504989854,47.96437031999685,89.5771515,94.3977185,163.9637926831543,162.30923606292922
